datum,domaca_ekipa,goli_domaca,goli_gost,gostujoca_ekipa,rdeci_domaci,rdeci_gostje,rumeni_domaci,rumeni_gostje,strelci_domaci,strelci_gostje
17 Aug 2025,Chelsea,0,0,Crystal Palace,0,0,2,3,,
16 Aug 2025,Sunderland,3,0,West Ham United,0,0,0,1,"Eliezer Mayenda 61', Dan Ballard 73', Wilson Isidor 90+2'",
16 Aug 2025,Tottenham Hotspur,3,0,Burnley,0,0,0,0,"Richarlison 10', Richarlison 60', Brennan Johnson 66'",
15 Aug 2025,Liverpool,4,2,AFC Bournemouth,0,0,1,2,"Hugo Ekitike 37', Cody Gakpo 49', Federico Chiesa 88', Mohamed Salah 90+4'","Antoine Semenyo 64', Antoine Semenyo 76'"
17 Aug 2025,Manchester United,0,1,Arsenal,0,0,1,4,,Riccardo Calafiori 13'
16 Aug 2025,Brighton and Hove Albion,1,1,Fulham,0,0,3,3,,Rodrigo Muniz 90+6'
16 Aug 2025,Aston Villa,0,0,Newcastle United,1,0,1,1,,
16 Aug 2025,Wolverhampton Wanderers,0,4,Manchester City,0,0,1,2,,"Erling Haaland 34', Tijjani Reijnders 37', Erling Haaland 61', Rayan Cherki 81'"
22 Aug 2025,West Ham United,1,5,Chelsea,0,0,0,1,Lucas Paquetá 6',"João Pedro 15', Pedro Neto 23', Enzo Fernández 34', Moisés Caicedo 54', Trevoh Chalobah 58'"
23 Aug 2025,Arsenal,5,0,Leeds United,0,0,0,2,"Jurriën Timber 34', Bukayo Saka 45+1', Viktor Gyökeres 48', Jurriën Timber 56'",
23 Aug 2025,AFC Bournemouth,1,0,Wolverhampton Wanderers,0,1,2,4,Marcus Tavernier 4',
18 Aug 2025,Leeds United,1,0,Everton,0,0,0,2,,
17 Aug 2025,Nottingham Forest,3,1,Brentford,0,0,1,2,"Chris Wood 5', Dan Ndoye 42', Chris Wood 45+2'",
23 Aug 2025,Manchester City,0,2,Tottenham Hotspur,0,0,1,4,,"Brennan Johnson 35', João Palhinha 45+2'"
23 Aug 2025,Brentford,1,0,Aston Villa,0,0,1,2,Dango Ouattara 12',
23 Aug 2025,Burnley,2,0,Sunderland,0,0,0,1,"Josh Cullen 47', Jaidon Anthony 88'",
24 Aug 2025,Crystal Palace,1,1,Nottingham Forest,0,0,3,3,Ismaïla Sarr 37',Callum Hudson-Odoi 57'
24 Aug 2025,Everton,2,0,Brighton and Hove Albion,0,0,4,3,"Iliman N'Diaye 23', James Garner 52'",
25 Aug 2025,Newcastle United,2,3,Liverpool,1,0,2,3,"Bruno Guimarães 57', Will Osula 88'","Ryan Gravenberch 35', Hugo Ekitike 46', Rio Ngumoha 90+10'"
24 Aug 2025,Fulham,1,1,Manchester United,0,0,1,1,Emile Smith Rowe 73',
30 Aug 2025,Sunderland,2,1,Brentford,0,0,3,2,Wilson Isidor 90+6',Igor Thiago 77'
30 Aug 2025,Chelsea,2,0,Fulham,0,0,2,2,João Pedro 45+9',
30 Aug 2025,Leeds United,0,0,Newcastle United,0,0,1,1,,
30 Aug 2025,Manchester United,3,2,Burnley,0,0,1,5,Bryan Mbeumo 57',"Lyle Foster 55', Jaidon Anthony 66'"
30 Aug 2025,Tottenham Hotspur,0,1,AFC Bournemouth,0,0,2,4,,Evanilson 5'
30 Aug 2025,Wolverhampton Wanderers,2,3,Everton,0,0,0,1,"HWANG Hee-chan 21', Rodrigo Gomes 79'","Beto 7', Iliman N'Diaye 33', Kiernan Dewsbury-Hall 55'"
31 Aug 2025,Aston Villa,0,3,Crystal Palace,0,0,2,3,,"Marc Guéhi 68', Ismaïla Sarr 78'"
31 Aug 2025,Brighton and Hove Albion,2,1,Manchester City,0,0,2,2,Brajan Gruda 89',Erling Haaland 34'
31 Aug 2025,Liverpool,1,0,Arsenal,0,0,2,2,Dominik Szoboszlai 83',
31 Aug 2025,Nottingham Forest,0,3,West Ham United,0,0,0,0,,"Jarrod Bowen 84', Callum Wilson 90+1'"
13 Sep 2025,Arsenal,3,0,Nottingham Forest,0,0,1,1,"Martín Zubimendi 32', Viktor Gyökeres 46', Martín Zubimendi 79'",
13 Sep 2025,AFC Bournemouth,2,1,Brighton and Hove Albion,0,0,4,4,Alex Scott 18',Kaoru Mitoma 48'
13 Sep 2025,Brentford,2,2,Chelsea,0,0,3,2,"Kevin Schade 35', Fábio Carvalho 90+3'","Cole Palmer 61', Moisés Caicedo 85'"
13 Sep 2025,Crystal Palace,0,0,Sunderland,0,0,1,1,,
13 Sep 2025,Everton,0,0,Aston Villa,0,0,3,3,,
13 Sep 2025,Newcastle United,1,0,Wolverhampton Wanderers,0,0,1,4,Nick Woltemade 29',
13 Sep 2025,Fulham,1,0,Leeds United,0,0,1,2,,
14 Sep 2025,Manchester City,3,0,Manchester United,0,0,0,0,"Phil Foden 18', Erling Haaland 53', Erling Haaland 68'",
13 Sep 2025,West Ham United,0,3,Tottenham Hotspur,1,0,0,1,,"Pape Matar Sarr 47', Lucas Bergvall 57', Micky van de Ven 64'"
14 Sep 2025,Burnley,0,1,Liverpool,1,0,2,2,,
20 Sep 2025,Brighton and Hove Albion,2,2,Tottenham Hotspur,0,0,1,2,"Yankuba Minteh 8', Yasin Ayari 31'",Richarlison 43'
20 Sep 2025,Burnley,1,1,Nottingham Forest,0,0,1,1,Jaidon Anthony 20',Neco Williams 2'
20 Sep 2025,Fulham,3,1,Brentford,0,0,4,1,"Alex Iwobi 38', Harry Wilson 40'",Mikkel Damsgaard 20'
20 Sep 2025,Liverpool,2,1,Everton,0,0,2,3,"Ryan Gravenberch 10', Hugo Ekitike 29'",Idrissa Gueye 58'
20 Sep 2025,Manchester United,2,1,Chelsea,1,1,2,5,"Bruno Fernandes 14', Casemiro 37'",Trevoh Chalobah 80'
20 Sep 2025,West Ham United,1,2,Crystal Palace,0,0,3,3,Jarrod Bowen 49',"Jean-Philippe Mateta 37', Tyrick Mitchell 68'"
21 Sep 2025,Arsenal,1,1,Manchester City,0,0,1,2,Gabriel Martinelli 90+3',Erling Haaland 9'
21 Sep 2025,AFC Bournemouth,0,0,Newcastle United,0,0,2,1,,
20 Sep 2025,Wolverhampton Wanderers,1,3,Leeds United,0,0,1,1,Ladislav Krejčí 8',"Dominic Calvert-Lewin 31', Anton Stach 39', Noah Okafor 45'"
21 Sep 2025,Sunderland,1,1,Aston Villa,1,0,2,1,Wilson Isidor 75',Matty Cash 67'
27 Sep 2025,Brentford,3,1,Manchester United,0,0,2,2,"Igor Thiago 8', Igor Thiago 20', Mathias Jensen 90+3'",Benjamin Seško 26'
27 Sep 2025,Chelsea,1,3,Brighton and Hove Albion,1,0,4,5,Enzo Fernández 24',"Danny Welbeck 77', Maxim De Cuyper 90+2', Danny Welbeck 90+10'"
27 Sep 2025,Crystal Palace,2,1,Liverpool,0,0,1,3,"Ismaïla Sarr 9', Eddie Nketiah 90+7'",Federico Chiesa 87'
27 Sep 2025,Leeds United,2,2,AFC Bournemouth,0,0,2,2,"Joe Rodon 37', Sean Longstaff 54'","Antoine Semenyo 26', Eli Kroupi 90+3'"
27 Sep 2025,Manchester City,5,1,Burnley,0,0,1,3,"Matheus Nunes 61', Erling Haaland 90', Erling Haaland 90+3'",Jaidon Anthony 38'
27 Sep 2025,Tottenham Hotspur,1,1,Wolverhampton Wanderers,0,0,3,2,João Palhinha 90+4',Santiago Bueno 54'
27 Sep 2025,Nottingham Forest,0,1,Sunderland,0,0,4,2,,Omar Alderete 38'
28 Sep 2025,Newcastle United,1,2,Arsenal,0,0,2,1,Nick Woltemade 34',"Mikel Merino 84', Gabriel 90+6'"
28 Sep 2025,Aston Villa,3,1,Fulham,0,0,1,4,"Ollie Watkins 37', John McGinn 49', Emi Buendía 51'",Raúl Jiménez 3'
03 Oct 2025,AFC Bournemouth,3,1,Fulham,0,0,0,1,"Antoine Semenyo 78', Justin Kluivert 84', Antoine Semenyo 90+6'",Ryan Sessegnon 70'
29 Sep 2025,Everton,1,1,West Ham United,0,0,3,4,Michael Keane 18',Jarrod Bowen 65'
04 Oct 2025,Arsenal,2,0,West Ham United,0,0,0,2,Declan Rice 38',
04 Oct 2025,Chelsea,2,1,Liverpool,0,0,0,2,"Moisés Caicedo 14', Estêvão 90+5'",Cody Gakpo 63'
04 Oct 2025,Leeds United,1,2,Tottenham Hotspur,0,0,2,3,Noah Okafor 34',"Mathys Tel 23', Mohammed Kudus 57'"
04 Oct 2025,Manchester United,2,0,Sunderland,0,0,1,4,"Mason Mount 8', Benjamin Seško 31'",
05 Oct 2025,Aston Villa,2,1,Burnley,0,0,3,1,"Donyell Malen 25', Donyell Malen 63'",Lesley Ugochukwu 78'
05 Oct 2025,Brentford,0,1,Manchester City,0,0,3,2,,Erling Haaland 9'
05 Oct 2025,Everton,2,1,Crystal Palace,0,0,2,3,Jack Grealish 90+3',Daniel Muñoz 37'
05 Oct 2025,Newcastle United,2,0,Nottingham Forest,0,0,0,4,Bruno Guimarães 58',
05 Oct 2025,Wolverhampton Wanderers,1,1,Brighton and Hove Albion,0,0,2,4,,Jan Paul Van Hecke 86'
18 Oct 2025,Brighton and Hove Albion,2,1,Newcastle United,0,0,0,1,"Danny Welbeck 41', Danny Welbeck 84'",Nick Woltemade 76'
18 Oct 2025,Crystal Palace,3,3,AFC Bournemouth,0,0,1,4,"Jean-Philippe Mateta 64', Jean-Philippe Mateta 69'","Eli Kroupi 7', Eli Kroupi 38', Ryan Christie 89'"
18 Oct 2025,Burnley,2,0,Leeds United,0,0,2,1,"Lesley Ugochukwu 18', Loum Tchaouna 68'",
18 Oct 2025,Fulham,0,1,Arsenal,0,0,0,0,,Leandro Trossard 58'
18 Oct 2025,Manchester City,2,0,Everton,0,0,0,2,"Erling Haaland 58', Erling Haaland 63'",
19 Oct 2025,Tottenham Hotspur,1,2,Aston Villa,0,0,2,0,Rodrigo Bentancur 5',"Morgan Rogers 37', Emi Buendía 77'"
18 Oct 2025,Nottingham Forest,0,3,Chelsea,0,1,2,4,,"Josh Acheampong 49', Pedro Neto 52', Reece James 84'"
18 Oct 2025,Sunderland,2,0,Wolverhampton Wanderers,0,0,0,0,Nordi Mukiele 16',
19 Oct 2025,Liverpool,1,2,Manchester United,0,0,0,2,Cody Gakpo 78',"Bryan Mbeumo 2', Harry Maguire 84'"
20 Oct 2025,West Ham United,0,2,Brentford,0,0,1,1,,"Igor Thiago 43', Mathias Jensen 90+4'"
24 Oct 2025,Leeds United,2,1,West Ham United,0,0,3,3,"Brenden Aaronson 3', Joe Rodon 15'",Mateus Fernandes 90'
25 Oct 2025,Brentford,3,2,Liverpool,0,0,3,2,"Dango Ouattara 5', Kevin Schade 45'","Miloš Kerkez 45+5', Mohamed Salah 89'"
25 Oct 2025,Chelsea,1,2,Sunderland,0,0,1,1,Alejandro Garnacho 4',"Wilson Isidor 22', Chemsdine Talbi 90+3'"
25 Oct 2025,Manchester United,4,2,Brighton and Hove Albion,0,0,2,2,"Matheus Cunha 24', Casemiro 34', Bryan Mbeumo 61', Bryan Mbeumo 90+6'","Danny Welbeck 74', Charalampos Kostoulas 90+2'"
25 Oct 2025,Newcastle United,2,1,Fulham,0,0,0,2,"Jacob Murphy 18', Bruno Guimarães 90'",Saša Lukić 56'
26 Oct 2025,AFC Bournemouth,2,0,Nottingham Forest,0,0,3,1,"Marcus Tavernier 25', Eli Kroupi 40'",
26 Oct 2025,Arsenal,1,0,Crystal Palace,0,0,0,0,Eberechi Eze 39',
26 Oct 2025,Aston Villa,1,0,Manchester City,0,0,1,4,Matty Cash 19',
26 Oct 2025,Everton,0,3,Tottenham Hotspur,0,0,2,0,,"Micky van de Ven 19', Micky van de Ven 45+6', Pape Matar Sarr 89'"
26 Oct 2025,Wolverhampton Wanderers,2,3,Burnley,0,0,1,0,Marshall Munetsi 45+4',"Zian Flemming 14', Zian Flemming 30', Lyle Foster 90+5'"
01 Nov 2025,Brighton and Hove Albion,3,0,Leeds United,0,0,0,1,"Danny Welbeck 11', Diego Gómez 64', Diego Gómez 70'",
01 Nov 2025,Burnley,0,2,Arsenal,0,0,2,1,,"Viktor Gyökeres 14', Declan Rice 35'"
01 Nov 2025,Crystal Palace,2,0,Brentford,0,0,0,3,Jean-Philippe Mateta 30',
01 Nov 2025,Fulham,3,0,Wolverhampton Wanderers,0,1,1,3,"Ryan Sessegnon 9', Harry Wilson 62'",
01 Nov 2025,Liverpool,2,0,Aston Villa,0,0,2,3,"Mohamed Salah 45+1', Ryan Gravenberch 58'",
01 Nov 2025,Nottingham Forest,2,2,Manchester United,0,0,1,1,"Morgan Gibbs-White 48', Nicoló Savona 50'","Casemiro 34', Amad Diallo 81'"
01 Nov 2025,Tottenham Hotspur,0,1,Chelsea,0,0,4,2,,João Pedro 34'
02 Nov 2025,Manchester City,3,1,AFC Bournemouth,0,0,2,2,"Erling Haaland 17', Erling Haaland 33', Nico O'Reilly 60'",Tyler Adams 25'
03 Nov 2025,Sunderland,1,1,Everton,0,0,3,2,Granit Xhaka 46',Iliman N'Diaye 15'
02 Nov 2025,West Ham United,3,1,Newcastle United,0,0,1,2,"Lucas Paquetá 35', Tomáš Souček 90+7'",Jacob Murphy 4'
08 Nov 2025,Chelsea,3,0,Wolverhampton Wanderers,0,0,1,2,"Malo Gusto 51', João Pedro 65', Pedro Neto 73'",
08 Nov 2025,Everton,2,0,Fulham,0,0,2,2,"Idrissa Gueye 45+4', Michael Keane 81'",
08 Nov 2025,Sunderland,2,2,Arsenal,0,0,2,1,"Dan Ballard 36', Brian Brobbey 90+4'","Bukayo Saka 54', Leandro Trossard 74'"
08 Nov 2025,West Ham United,3,2,Burnley,0,0,2,2,"Callum Wilson 44', Tomáš Souček 77', Kyle Walker-Peters 87'","Zian Flemming 35', Josh Cullen 90+7'"
08 Nov 2025,Tottenham Hotspur,2,2,Manchester United,0,0,5,1,"Mathys Tel 84', Richarlison 90+1'","Bryan Mbeumo 32', Matthijs de Ligt 90+6'"
09 Nov 2025,Aston Villa,4,0,AFC Bournemouth,0,0,2,2,"Emi Buendía 28', Amadou Onana 40', Ross Barkley 77', Donyell Malen 82'",
09 Nov 2025,Crystal Palace,0,0,Brighton and Hove Albion,0,0,1,4,,
09 Nov 2025,Brentford,3,1,Newcastle United,0,1,2,3,"Kevin Schade 56', Igor Thiago 90+5'",Harvey Barnes 27'
09 Nov 2025,Manchester City,3,0,Liverpool,0,0,2,4,"Erling Haaland 29', Nico González 45+3', Jérémy Doku 63'",
09 Nov 2025,Nottingham Forest,3,1,Leeds United,0,0,2,1,"Ibrahim Sangaré 15', Morgan Gibbs-White 68'",Lukas Nmecha 13'
22 Nov 2025,AFC Bournemouth,2,2,West Ham United,0,0,3,2,Enes Ünal 80',"Callum Wilson 11', Callum Wilson 35'"
22 Nov 2025,Brighton and Hove Albion,2,1,Brentford,0,0,4,2,"Danny Welbeck 71', Jack Hinshelwood 84'",
22 Nov 2025,Burnley,0,2,Chelsea,0,0,2,3,,"Pedro Neto 37', Enzo Fernández 88'"
22 Nov 2025,Fulham,1,0,Sunderland,0,0,3,3,Raúl Jiménez 84',
22 Nov 2025,Liverpool,0,3,Nottingham Forest,0,0,2,0,,"Murillo 33', Nicoló Savona 46', Morgan Gibbs-White 78'"
22 Nov 2025,Newcastle United,2,1,Manchester City,0,0,1,3,"Harvey Barnes 63', Harvey Barnes 70'",Rúben Dias 68'
22 Nov 2025,Wolverhampton Wanderers,0,2,Crystal Palace,0,0,2,3,,"Daniel Muñoz 63', Yeremy Pino 69'"
23 Nov 2025,Arsenal,4,1,Tottenham Hotspur,0,0,1,3,"Leandro Trossard 36', Eberechi Eze 41', Eberechi Eze 46', Eberechi Eze 76'",Richarlison 55'
23 Nov 2025,Leeds United,1,2,Aston Villa,0,0,5,1,Lukas Nmecha 8',"Morgan Rogers 48', Morgan Rogers 75'"
24 Nov 2025,Manchester United,0,1,Everton,0,1,2,0,,Kiernan Dewsbury-Hall 29'
29 Nov 2025,Brentford,3,1,Burnley,0,0,0,2,"Igor Thiago 86', Dango Ouattara 90+2'",
29 Nov 2025,Everton,1,4,Newcastle United,0,0,0,0,Kiernan Dewsbury-Hall 69',"Malick Thiaw 1', Lewis Miley 25', Nick Woltemade 45', Malick Thiaw 58'"
29 Nov 2025,Manchester City,3,2,Leeds United,0,0,4,1,"Phil Foden 1', Joško Gvardiol 25', Phil Foden 90+1'","Dominic Calvert-Lewin 49', Lukas Nmecha 68'"
29 Nov 2025,Sunderland,3,2,AFC Bournemouth,0,1,5,5,"Bertrand Traoré 46', Brian Brobbey 69'","Amine Adli 7', Tyler Adams 15'"
29 Nov 2025,Tottenham Hotspur,1,2,Fulham,0,0,3,2,Mohammed Kudus 59',"Kenny Tete 4', Harry Wilson 6'"
30 Nov 2025,Aston Villa,1,0,Wolverhampton Wanderers,0,0,0,4,Boubacar Kamara 67',
30 Nov 2025,Chelsea,1,1,Arsenal,1,0,1,6,Trevoh Chalobah 48',Mikel Merino 59'
30 Nov 2025,Crystal Palace,1,2,Manchester United,0,0,3,2,,"Joshua Zirkzee 54', Mason Mount 63'"
30 Nov 2025,Nottingham Forest,0,2,Brighton and Hove Albion,0,0,0,1,,"Maxim De Cuyper 45+1', Stefanos Tzimas 88'"
30 Nov 2025,West Ham United,0,2,Liverpool,1,0,3,0,,"Alexander Isak 60', Cody Gakpo 90+2'"
02 Dec 2025,AFC Bournemouth,0,1,Everton,0,0,3,3,,Jack Grealish 78'
02 Dec 2025,Fulham,4,5,Manchester City,0,0,0,1,"Emile Smith Rowe 45+2', Alex Iwobi 57', Samuel Chukwueze 72', Samuel Chukwueze 78'","Erling Haaland 17', Tijjani Reijnders 37', Phil Foden 44', Phil Foden 48'"
02 Dec 2025,Newcastle United,2,2,Tottenham Hotspur,0,0,0,3,Bruno Guimarães 71',"Cristian Romero 78', Cristian Romero 90+5'"
03 Dec 2025,Brighton and Hove Albion,3,4,Aston Villa,0,0,2,2,"Jan Paul Van Hecke 9', Jan Paul Van Hecke 83'","Ollie Watkins 37', Ollie Watkins 45+7', Amadou Onana 60', Donyell Malen 78'"
03 Dec 2025,Arsenal,2,0,Brentford,0,0,0,1,"Mikel Merino 11', Bukayo Saka 90+1'",
03 Dec 2025,Burnley,0,1,Crystal Palace,0,0,0,0,,Daniel Muñoz 44'
03 Dec 2025,Liverpool,1,1,Sunderland,0,0,1,1,,Chemsdine Talbi 67'
03 Dec 2025,Leeds United,3,1,Chelsea,0,0,1,1,"Jaka Bijol 6', Ao Tanaka 43', Dominic Calvert-Lewin 72'",Pedro Neto 50'
03 Dec 2025,Wolverhampton Wanderers,0,1,Nottingham Forest,0,0,2,2,,Igor Jesus 72'
04 Dec 2025,Manchester United,1,1,West Ham United,0,0,2,2,Diogo Dalot 58',Soungoutou Magassa 83'
06 Dec 2025,AFC Bournemouth,0,0,Chelsea,0,0,0,2,,
06 Dec 2025,Aston Villa,2,1,Arsenal,0,0,0,2,"Matty Cash 36', Emi Buendía 90+5'",Leandro Trossard 52'
06 Dec 2025,Leeds United,3,3,Liverpool,0,0,3,3,"Anton Stach 75', Ao Tanaka 90+6'","Hugo Ekitike 48', Hugo Ekitike 50', Dominik Szoboszlai 80'"
06 Dec 2025,Everton,3,0,Nottingham Forest,0,0,4,3,"Thierno Barry 45+3', Kiernan Dewsbury-Hall 80'",
06 Dec 2025,Newcastle United,2,1,Burnley,0,1,2,2,Bruno Guimarães 31',
06 Dec 2025,Manchester City,3,0,Sunderland,0,1,1,0,"Rúben Dias 31', Joško Gvardiol 35', Phil Foden 65'",
06 Dec 2025,Tottenham Hotspur,2,0,Brentford,0,0,3,4,"Richarlison 25', Xavi Simons 43'",
07 Dec 2025,Brighton and Hove Albion,1,1,West Ham United,0,0,2,2,Georginio Rutter 90+1',Jarrod Bowen 73'
07 Dec 2025,Fulham,1,2,Crystal Palace,0,0,0,0,Harry Wilson 38',"Eddie Nketiah 20', Marc Guéhi 87'"
08 Dec 2025,Wolverhampton Wanderers,1,4,Manchester United,0,0,3,2,Jean-Ricner Bellegarde 45+2',"Bruno Fernandes 25', Bryan Mbeumo 51', Mason Mount 62'"
13 Dec 2025,Arsenal,2,1,Wolverhampton Wanderers,0,0,0,4,,Tolu Arokodare 90'
13 Dec 2025,Burnley,2,3,Fulham,0,0,1,2,"Lesley Ugochukwu 21', Oliver Sonne 86'","Emile Smith Rowe 9', Calvin Bassey 31', Harry Wilson 58'"
14 Dec 2025,Brentford,1,1,Leeds United,0,0,0,0,Jordan Henderson 70',Dominic Calvert-Lewin 82'
13 Dec 2025,Liverpool,2,0,Brighton and Hove Albion,0,0,1,2,"Hugo Ekitike 1', Hugo Ekitike 60'",
13 Dec 2025,Chelsea,2,0,Everton,0,0,1,0,"Cole Palmer 21', Malo Gusto 45'",
14 Dec 2025,Nottingham Forest,3,0,Tottenham Hotspur,0,0,1,3,"Callum Hudson-Odoi 28', Callum Hudson-Odoi 50', Ibrahim Sangaré 79'",
14 Dec 2025,Crystal Palace,0,3,Manchester City,0,0,2,0,,"Erling Haaland 41', Phil Foden 69'"
14 Dec 2025,Sunderland,1,0,Newcastle United,0,0,5,4,,
14 Dec 2025,West Ham United,2,3,Aston Villa,0,0,1,2,"Mateus Fernandes 1', Jarrod Bowen 24'","Morgan Rogers 50', Morgan Rogers 79'"
15 Dec 2025,Manchester United,4,4,AFC Bournemouth,0,0,2,3,"Amad Diallo 13', Casemiro 45+4', Bruno Fernandes 77', Matheus Cunha 79'","Antoine Semenyo 40', Evanilson 46', Marcus Tavernier 52', Eli Kroupi 84'"
20 Dec 2025,AFC Bournemouth,1,1,Burnley,0,0,1,1,Antoine Semenyo 67',Armando Broja 90'
20 Dec 2025,Everton,0,1,Arsenal,0,0,2,2,,
20 Dec 2025,Leeds United,4,1,Crystal Palace,0,0,1,3,"Dominic Calvert-Lewin 38', Dominic Calvert-Lewin 45+4', Ethan Ampadu 60', Anton Stach 90+11'",
20 Dec 2025,Brighton and Hove Albion,0,0,Sunderland,0,0,2,2,,
20 Dec 2025,Manchester City,3,0,West Ham United,0,0,1,1,"Erling Haaland 5', Tijjani Reijnders 38', Erling Haaland 69'",
20 Dec 2025,Newcastle United,2,2,Chelsea,0,0,3,6,"Nick Woltemade 4', Nick Woltemade 20'","Reece James 49', João Pedro 66'"
20 Dec 2025,Tottenham Hotspur,1,2,Liverpool,2,0,5,3,Richarlison 83',"Alexander Isak 56', Hugo Ekitike 66'"
20 Dec 2025,Wolverhampton Wanderers,0,2,Brentford,0,0,2,4,,"Keane Lewis-Potter 63', Keane Lewis-Potter 83'"
21 Dec 2025,Aston Villa,2,1,Manchester United,0,0,1,2,"Morgan Rogers 45', Morgan Rogers 57'",Matheus Cunha 45+3'
22 Dec 2025,Fulham,1,0,Nottingham Forest,0,0,5,4,,
27 Dec 2025,Burnley,0,0,Everton,0,0,0,2,,
26 Dec 2025,Manchester United,1,0,Newcastle United,0,0,2,1,Patrick Dorgu 24',
27 Dec 2025,Chelsea,1,2,Aston Villa,0,0,5,3,João Pedro 37',"Ollie Watkins 63', Ollie Watkins 84'"
27 Dec 2025,Brentford,4,1,AFC Bournemouth,0,0,2,2,"Kevin Schade 7', Kevin Schade 51', Kevin Schade 90+6'",Antoine Semenyo 75'
27 Dec 2025,Arsenal,2,1,Brighton and Hove Albion,0,0,2,3,Martin Odegaard 14',Diego Gómez 64'
27 Dec 2025,Liverpool,2,1,Wolverhampton Wanderers,0,0,0,1,"Ryan Gravenberch 41', Florian Wirtz 42'",Santiago Bueno 51'
27 Dec 2025,Nottingham Forest,1,2,Manchester City,0,0,1,2,Omari Hutchinson 54',"Tijjani Reijnders 48', Rayan Cherki 83'"
27 Dec 2025,West Ham United,0,1,Fulham,0,0,1,3,,Raúl Jiménez 85'
28 Dec 2025,Crystal Palace,0,1,Tottenham Hotspur,0,0,3,2,,Archie Gray 42'
28 Dec 2025,Sunderland,1,1,Leeds United,0,0,1,0,Simon Adingra 28',Dominic Calvert-Lewin 47'
30 Dec 2025,Arsenal,4,1,Aston Villa,0,0,2,3,"Gabriel 48', Martín Zubimendi 52', Leandro Trossard 69', Gabriel Jesus 78'",Ollie Watkins 90+4'
30 Dec 2025,Burnley,1,3,Newcastle United,0,0,2,1,Josh Laurent 23',"Joelinton 2', Yoane Wissa 7', Bruno Guimarães 90+3'"
30 Dec 2025,Chelsea,2,2,AFC Bournemouth,0,0,1,1,Enzo Fernández 23',"David Brooks 6', Justin Kluivert 27'"
30 Dec 2025,Manchester United,1,1,Wolverhampton Wanderers,0,0,0,2,Joshua Zirkzee 27',Ladislav Krejčí 45'
30 Dec 2025,West Ham United,2,2,Brighton and Hove Albion,0,0,3,5,Jarrod Bowen 10',Joël Veltman 61'
30 Dec 2025,Nottingham Forest,0,2,Everton,0,0,1,0,,"James Garner 19', Thierno Barry 79'"
01 Jan 2026,Brentford,0,0,Tottenham Hotspur,0,0,1,2,,
01 Jan 2026,Crystal Palace,1,1,Fulham,0,0,0,5,Jean-Philippe Mateta 39',Tom Cairney 80'
01 Jan 2026,Liverpool,0,0,Leeds United,0,0,0,2,,
01 Jan 2026,Sunderland,0,0,Manchester City,0,0,1,1,,
03 Jan 2026,AFC Bournemouth,2,3,Arsenal,0,0,3,1,"Evanilson 10', Eli Kroupi 76'","Gabriel 16', Declan Rice 54', Declan Rice 71'"
03 Jan 2026,Aston Villa,3,1,Nottingham Forest,0,0,1,2,"Ollie Watkins 45+1', John McGinn 49', John McGinn 73'",Morgan Gibbs-White 61'
04 Jan 2026,Everton,2,4,Brentford,0,0,0,2,"Beto 66', Thierno Barry 90+1'","Igor Thiago 11', Nathan Collins 50', Igor Thiago 51', Igor Thiago 88'"
03 Jan 2026,Brighton and Hove Albion,2,0,Burnley,0,0,0,4,"Georginio Rutter 29', Yasin Ayari 47'",
03 Jan 2026,Wolverhampton Wanderers,3,0,West Ham United,0,0,1,0,"Jhon Arias 4', Mateus Mané 41'",
04 Jan 2026,Fulham,2,2,Liverpool,0,0,1,1,"Harry Wilson 17', Harrison Reed 90+7'","Florian Wirtz 57', Cody Gakpo 90+4'"
04 Jan 2026,Leeds United,1,1,Manchester United,0,0,0,1,Brenden Aaronson 62',Matheus Cunha 65'
04 Jan 2026,Manchester City,1,1,Chelsea,0,0,3,3,Tijjani Reijnders 42',Enzo Fernández 90+4'
04 Jan 2026,Newcastle United,2,0,Crystal Palace,0,0,1,3,"Bruno Guimarães 71', Malick Thiaw 78'",
04 Jan 2026,Tottenham Hotspur,1,1,Sunderland,0,0,2,3,Ben Davies 30',Brian Brobbey 80'
07 Jan 2026,Brentford,3,0,Sunderland,0,0,2,1,"Igor Thiago 30', Igor Thiago 65', Yegor Yarmolyuk 73'",
07 Jan 2026,AFC Bournemouth,3,2,Tottenham Hotspur,0,0,3,3,"Evanilson 22', Eli Kroupi 36', Antoine Semenyo 90+5'","Mathys Tel 5', João Palhinha 78'"
07 Jan 2026,Burnley,2,2,Manchester United,0,0,2,0,Jaidon Anthony 66',"Benjamin Seško 50', Benjamin Seško 60'"
07 Jan 2026,Crystal Palace,0,0,Aston Villa,0,0,2,0,,
07 Jan 2026,Everton,1,1,Wolverhampton Wanderers,2,0,3,3,Michael Keane 17',Mateus Mané 69'
06 Jan 2026,West Ham United,1,2,Nottingham Forest,0,0,3,0,,Nicolás Domínguez 55'
07 Jan 2026,Fulham,2,1,Chelsea,0,1,3,3,"Raúl Jiménez 55', Harry Wilson 81'",Liam Delap 72'
07 Jan 2026,Manchester City,1,1,Brighton and Hove Albion,0,0,1,6,,Kaoru Mitoma 60'
07 Jan 2026,Newcastle United,4,3,Leeds United,0,0,3,2,"Harvey Barnes 36', Joelinton 54', Harvey Barnes 90+12'","Brenden Aaronson 32', Brenden Aaronson 79'"
08 Jan 2026,Arsenal,0,0,Liverpool,0,0,2,2,,
17 Jan 2026,Chelsea,2,0,Brentford,0,0,3,2,João Pedro 26',
17 Jan 2026,Liverpool,1,1,Burnley,0,0,1,1,Florian Wirtz 42',Marcus Edwards 65'
17 Jan 2026,Leeds United,1,0,Fulham,0,0,1,5,Lukas Nmecha 90+1',
17 Jan 2026,Manchester United,2,0,Manchester City,0,0,2,3,"Bryan Mbeumo 65', Patrick Dorgu 76'",
17 Jan 2026,Nottingham Forest,0,0,Arsenal,0,0,1,1,,
17 Jan 2026,Sunderland,2,1,Crystal Palace,0,0,3,3,"Enzo Le Fée 33', Brian Brobbey 71'",Yeremy Pino 30'
17 Jan 2026,Tottenham Hotspur,1,2,West Ham United,0,0,5,3,Cristian Romero 64',"Crysencio Summerville 15', Callum Wilson 90+3'"
18 Jan 2026,Aston Villa,0,1,Everton,0,0,1,2,,Thierno Barry 59'
18 Jan 2026,Wolverhampton Wanderers,0,0,Newcastle United,0,0,2,2,,
19 Jan 2026,Brighton and Hove Albion,1,1,AFC Bournemouth,0,0,2,3,Charalampos Kostoulas 90+1',
24 Jan 2026,Fulham,2,1,Brighton and Hove Albion,0,0,1,1,"Samuel Chukwueze 72', Harry Wilson 90+2'",Yasin Ayari 28'
24 Jan 2026,AFC Bournemouth,3,2,Liverpool,0,0,1,1,"Evanilson 26', Alex Jiménez 33', Amine Adli 90+5'","Virgil van Dijk 45', Dominik Szoboszlai 80'"
24 Jan 2026,Burnley,2,2,Tottenham Hotspur,0,0,1,0,"Axel Tuanzebe 45', Lyle Foster 76'","Micky van de Ven 38', Cristian Romero 90'"
24 Jan 2026,Manchester City,2,0,Wolverhampton Wanderers,0,0,1,3,"Omar Marmoush 6', Antoine Semenyo 45+2'",
24 Jan 2026,West Ham United,3,1,Sunderland,0,0,1,5,"Crysencio Summerville 14', Mateus Fernandes 43'",Brian Brobbey 66'
25 Jan 2026,Arsenal,2,3,Manchester United,0,0,2,0,Mikel Merino 84',"Bryan Mbeumo 37', Patrick Dorgu 50', Matheus Cunha 87'"
25 Jan 2026,Brentford,0,2,Nottingham Forest,0,0,1,0,,"Igor Jesus 12', Taiwo Awoniyi 80'"
25 Jan 2026,Crystal Palace,1,3,Chelsea,1,0,4,2,Chris Richards 88',"Estêvão 34', João Pedro 50'"
26 Jan 2026,Everton,1,1,Leeds United,0,0,0,3,Thierno Barry 76',James Justin 28'
25 Jan 2026,Newcastle United,0,2,Aston Villa,0,0,1,2,,"Emi Buendía 19', Ollie Watkins 88'"
31 Jan 2026,Brighton and Hove Albion,1,1,Everton,0,0,1,2,Pascal Gross 73',Beto 90+7'
31 Jan 2026,Leeds United,0,4,Arsenal,0,0,1,1,,"Martín Zubimendi 27', Noni Madueke 38', Viktor Gyökeres 69', Gabriel Jesus 86'"
31 Jan 2026,Liverpool,4,1,Newcastle United,0,0,1,3,"Hugo Ekitike 41', Hugo Ekitike 43', Florian Wirtz 67', Ibrahima Konaté 90+3'",Anthony Gordon 36'
31 Jan 2026,Chelsea,3,2,West Ham United,0,1,3,2,"João Pedro 57', Marc Cucurella 70', Enzo Fernández 90+2'","Jarrod Bowen 7', Crysencio Summerville 36'"
31 Jan 2026,Wolverhampton Wanderers,0,2,AFC Bournemouth,0,0,2,3,,"Eli Kroupi 33', Alex Scott 90+1'"
01 Feb 2026,Aston Villa,0,1,Brentford,0,1,0,3,,Dango Ouattara 45+1'
01 Feb 2026,Nottingham Forest,1,1,Crystal Palace,1,0,1,3,Morgan Gibbs-White 5',
01 Feb 2026,Manchester United,3,2,Fulham,0,0,2,1,"Casemiro 19', Matheus Cunha 56', Benjamin Seško 90+4'",Kevin 90+1'
01 Feb 2026,Tottenham Hotspur,2,2,Manchester City,0,0,3,3,"Dominic Solanke 53', Dominic Solanke 70'","Rayan Cherki 11', Antoine Semenyo 44'"
02 Feb 2026,Sunderland,3,0,Burnley,0,0,1,4,"Habib Diarra 32', Chemsdine Talbi 72'",
07 Feb 2026,Arsenal,3,0,Sunderland,0,0,1,2,"Martín Zubimendi 42', Viktor Gyökeres 66', Viktor Gyökeres 90+3'",
07 Feb 2026,AFC Bournemouth,1,1,Aston Villa,0,0,1,1,Rayan 55',Morgan Rogers 22'
06 Feb 2026,Leeds United,3,1,Nottingham Forest,0,0,1,1,"Jayden Bogle 26', Noah Okafor 30', Dominic Calvert-Lewin 49'",Lorenzo Lucca 86'
07 Feb 2026,Burnley,0,2,West Ham United,0,0,3,1,,"Crysencio Summerville 13', Taty Castellanos 26'"
07 Feb 2026,Manchester United,2,0,Tottenham Hotspur,0,1,1,2,"Bryan Mbeumo 38', Bruno Fernandes 81'",
07 Feb 2026,Newcastle United,2,3,Brentford,0,0,2,2,Sven Botman 24',"Vitaly Janelt 37', Dango Ouattara 85'"
07 Feb 2026,Fulham,1,2,Everton,0,0,1,5,,Kiernan Dewsbury-Hall 75'
07 Feb 2026,Wolverhampton Wanderers,1,3,Chelsea,0,0,1,1,Tolu Arokodare 54',Cole Palmer 38'
08 Feb 2026,Brighton and Hove Albion,0,1,Crystal Palace,0,0,1,3,,Ismaïla Sarr 61'
10 Feb 2026,Everton,1,2,AFC Bournemouth,1,0,1,3,,"Rayan 61', Amine Adli 64'"
10 Feb 2026,Chelsea,2,2,Leeds United,0,0,4,4,João Pedro 24',Noah Okafor 73'
08 Feb 2026,Liverpool,1,2,Manchester City,1,0,2,4,Dominik Szoboszlai 74',Bernardo Silva 84'
10 Feb 2026,Tottenham Hotspur,1,2,Newcastle United,0,0,3,2,Archie Gray 64',"Malick Thiaw 45+5', Jacob Ramsey 68'"
10 Feb 2026,West Ham United,1,1,Manchester United,0,0,1,1,Tomáš Souček 50',Benjamin Seško 90+6'
11 Feb 2026,Aston Villa,1,0,Brighton and Hove Albion,0,0,2,3,,
11 Feb 2026,Crystal Palace,2,3,Burnley,0,0,2,1,"Jørgen Strand Larsen 17', Jørgen Strand Larsen 33'","Hannibal Mejbri 40', Jaidon Anthony 44'"
11 Feb 2026,Manchester City,3,0,Fulham,0,0,3,1,"Antoine Semenyo 24', Nico O'Reilly 30', Erling Haaland 39'",
11 Feb 2026,Nottingham Forest,0,0,Wolverhampton Wanderers,0,0,0,2,,
11 Feb 2026,Sunderland,0,1,Liverpool,0,0,1,0,,Virgil van Dijk 61'
12 Feb 2026,Brentford,1,1,Arsenal,0,0,3,2,Keane Lewis-Potter 71',Noni Madueke 61'
18 Feb 2026,Wolverhampton Wanderers,2,2,Arsenal,0,0,2,1,"Hugo Bueno 61', Tom Edozie 90+4'","Bukayo Saka 5', Piero Hincapié 56'"
21 Feb 2026,Aston Villa,1,1,Leeds United,0,0,1,4,Tammy Abraham 88',Anton Stach 31'
21 Feb 2026,Brentford,0,2,Brighton and Hove Albion,0,0,1,2,,"Diego Gómez 30', Danny Welbeck 45+1'"
21 Feb 2026,Chelsea,1,1,Burnley,1,0,4,2,João Pedro 4',Zian Flemming 90+3'
21 Feb 2026,Manchester City,2,1,Newcastle United,0,0,2,5,"Nico O'Reilly 14', Nico O'Reilly 27'",Lewis Hall 22'
21 Feb 2026,West Ham United,0,0,AFC Bournemouth,0,0,1,1,,
22 Feb 2026,Crystal Palace,1,0,Wolverhampton Wanderers,0,1,5,3,Evann Guessand 90',
22 Feb 2026,Nottingham Forest,0,1,Liverpool,0,0,2,0,,Alexis Mac Allister 90+7'
22 Feb 2026,Tottenham Hotspur,1,4,Arsenal,0,0,2,1,Randal Kolo Muani 34',"Eberechi Eze 32', Viktor Gyökeres 47', Eberechi Eze 61', Viktor Gyökeres 90+4'"
22 Feb 2026,Sunderland,1,3,Fulham,0,0,1,1,,"Raúl Jiménez 54', Alex Iwobi 85'"
23 Feb 2026,Everton,0,1,Manchester United,0,0,2,3,,Benjamin Seško 71'
27 Feb 2026,Wolverhampton Wanderers,2,0,Aston Villa,0,0,3,3,"João Gomes 61', Rodrigo Gomes 90+8'",
28 Feb 2026,AFC Bournemouth,1,1,Sunderland,0,0,4,2,Evanilson 63',Eliezer Mayenda 18'
28 Feb 2026,Burnley,3,4,Brentford,0,0,2,2,"Jaidon Anthony 47', Zian Flemming 60'","Mikkel Damsgaard 9', Igor Thiago 25', Kevin Schade 34', Mikkel Damsgaard 90+3'"
28 Feb 2026,Leeds United,0,1,Manchester City,0,0,0,3,,Antoine Semenyo 45+2'
28 Feb 2026,Liverpool,5,2,West Ham United,0,0,2,2,"Hugo Ekitike 5', Virgil van Dijk 24', Alexis Mac Allister 43', Cody Gakpo 70'","Tomáš Souček 49', Taty Castellanos 75'"
01 Mar 2026,Arsenal,2,1,Chelsea,0,1,1,5,"William Saliba 21', Jurriën Timber 66'",
28 Feb 2026,Newcastle United,2,3,Everton,0,0,3,3,"Jacob Ramsey 32', Jacob Murphy 82'","Jarrad Branthwaite 19', Beto 34', Thierno Barry 83'"
01 Mar 2026,Brighton and Hove Albion,2,1,Nottingham Forest,0,0,3,1,"Diego Gómez 6', Danny Welbeck 15'",Morgan Gibbs-White 13'
01 Mar 2026,Fulham,2,1,Tottenham Hotspur,0,0,3,3,"Harry Wilson 7', Alex Iwobi 34'",Richarlison 66'
01 Mar 2026,Manchester United,2,1,Crystal Palace,0,1,2,2,Benjamin Seško 65',Maxence Lacroix 4'
03 Mar 2026,AFC Bournemouth,0,0,Brentford,0,0,2,1,,
03 Mar 2026,Everton,2,0,Burnley,0,0,0,1,"James Tarkowski 32', Kiernan Dewsbury-Hall 60'",
03 Mar 2026,Leeds United,0,1,Sunderland,0,0,1,3,,
04 Mar 2026,Aston Villa,1,4,Chelsea,0,0,3,2,Douglas Luiz 2',"João Pedro 35', João Pedro 45+6', Cole Palmer 55', João Pedro 64'"
03 Mar 2026,Wolverhampton Wanderers,2,1,Liverpool,0,0,2,1,"Rodrigo Gomes 78', André 90+4'",Mohamed Salah 83'
04 Mar 2026,Brighton and Hove Albion,0,1,Arsenal,0,0,4,1,,Bukayo Saka 9'
04 Mar 2026,Fulham,0,1,West Ham United,0,0,2,4,,Crysencio Summerville 65'
04 Mar 2026,Manchester City,2,2,Nottingham Forest,0,0,0,4,"Antoine Semenyo 31', Rodri 62'","Morgan Gibbs-White 56', Elliott Anderson 76'"
04 Mar 2026,Newcastle United,2,1,Manchester United,1,0,4,3,Will Osula 90',Casemiro 45+9'
05 Mar 2026,Tottenham Hotspur,1,3,Crystal Palace,1,0,3,2,Dominic Solanke 34',"Jørgen Strand Larsen 45+1', Ismaïla Sarr 45+7'"
14 Mar 2026,Arsenal,2,0,Everton,0,0,0,0,"Viktor Gyökeres 89', Max Dowman 90+7'",
14 Mar 2026,Chelsea,0,1,Newcastle United,0,0,2,2,,Anthony Gordon 18'
14 Mar 2026,Burnley,0,0,AFC Bournemouth,0,0,1,0,,
14 Mar 2026,Sunderland,0,1,Brighton and Hove Albion,0,0,1,2,,Yankuba Minteh 58'
14 Mar 2026,West Ham United,1,1,Manchester City,0,0,2,2,Dinos Mavropanos 35',Bernardo Silva 31'
15 Mar 2026,Crystal Palace,0,0,Leeds United,0,1,2,3,,
15 Mar 2026,Liverpool,1,1,Tottenham Hotspur,0,0,0,0,Dominik Szoboszlai 18',Richarlison 90'
15 Mar 2026,Manchester United,3,1,Aston Villa,0,0,3,2,"Casemiro 53', Matheus Cunha 71', Benjamin Seško 81'",Ross Barkley 64'
15 Mar 2026,Nottingham Forest,0,0,Fulham,0,0,2,3,,
20 Mar 2026,AFC Bournemouth,2,2,Manchester United,0,1,2,2,Ryan Christie 67',
16 Mar 2026,Brentford,2,2,Wolverhampton Wanderers,0,0,2,4,"Michael Kayode 22', Igor Thiago 37'","Adam Armstrong 44', Tolu Arokodare 77'"
21 Mar 2026,Brighton and Hove Albion,2,1,Liverpool,0,0,5,5,"Danny Welbeck 14', Danny Welbeck 56'",Miloš Kerkez 30'
21 Mar 2026,Everton,3,0,Chelsea,0,0,0,2,"Beto 33', Beto 62', Iliman N'Diaye 76'",
21 Mar 2026,Fulham,3,1,Burnley,0,1,2,2,"Josh King 67', Harry Wilson 73'",Zian Flemming 60'
21 Mar 2026,Leeds United,0,0,Brentford,0,0,2,0,,
22 Mar 2026,Aston Villa,2,0,West Ham United,0,0,0,1,"John McGinn 15', Ollie Watkins 68'",
22 Mar 2026,Newcastle United,1,2,Sunderland,0,0,1,6,Anthony Gordon 10',"Chemsdine Talbi 57', Brian Brobbey 90'"
22 Mar 2026,Tottenham Hotspur,0,3,Nottingham Forest,0,0,1,2,,"Igor Jesus 45', Morgan Gibbs-White 62', Taiwo Awoniyi 87'"
10 Apr 2026,West Ham United,4,0,Wolverhampton Wanderers,0,0,2,2,"Dinos Mavropanos 42', Taty Castellanos 66', Taty Castellanos 68', Dinos Mavropanos 83'",
11 Apr 2026,Arsenal,1,2,AFC Bournemouth,0,0,1,3,,"Eli Kroupi 17', Alex Scott 74'"
11 Apr 2026,Brentford,2,2,Everton,0,0,0,2,Igor Thiago 76',"Beto 26', Kiernan Dewsbury-Hall 90+1'"
11 Apr 2026,Burnley,0,2,Brighton and Hove Albion,0,0,2,1,,"Mats Wieffer 43', Mats Wieffer 89'"
11 Apr 2026,Liverpool,2,0,Fulham,0,0,0,0,"Rio Ngumoha 36', Mohamed Salah 40'",
12 Apr 2026,Chelsea,0,3,Manchester City,0,0,3,1,,"Nico O'Reilly 51', Marc Guéhi 57', Jérémy Doku 68'"
12 Apr 2026,Crystal Palace,2,1,Newcastle United,0,0,0,3,Jean-Philippe Mateta 80',Will Osula 43'
12 Apr 2026,Nottingham Forest,1,1,Aston Villa,0,0,2,2,Neco Williams 38',
12 Apr 2026,Sunderland,1,0,Tottenham Hotspur,0,0,3,3,Nordi Mukiele 61',
13 Apr 2026,Manchester United,1,2,Leeds United,1,0,3,2,Casemiro 69',"Noah Okafor 5', Noah Okafor 29'"
18 Apr 2026,Brentford,0,0,Fulham,0,0,0,1,,
18 Apr 2026,Chelsea,0,1,Manchester United,0,0,1,3,,Matheus Cunha 43'
18 Apr 2026,Leeds United,3,0,Wolverhampton Wanderers,0,0,2,1,"James Justin 18', Noah Okafor 20'",
18 Apr 2026,Newcastle United,1,2,AFC Bournemouth,0,0,2,4,Will Osula 68',"Marcus Tavernier 32', Adrien Truffert 85'"
19 Apr 2026,Aston Villa,4,3,Sunderland,0,0,1,3,"Ollie Watkins 2', Ollie Watkins 36', Morgan Rogers 46', Tammy Abraham 90+3'","Chris Rigg 9', Trai Hume 86', Wilson Isidor 87'"
18 Apr 2026,Tottenham Hotspur,2,2,Brighton and Hove Albion,0,0,3,1,"Pedro Porro 39', Xavi Simons 77'","Kaoru Mitoma 45+3', Georginio Rutter 90+5'"
19 Apr 2026,Everton,1,2,Liverpool,0,0,2,0,Beto 54',"Mohamed Salah 29', Virgil van Dijk 90+10'"
19 Apr 2026,Manchester City,2,1,Arsenal,0,0,2,2,"Rayan Cherki 16', Erling Haaland 65'",Kai Havertz 18'
19 Apr 2026,Nottingham Forest,4,1,Burnley,0,0,0,2,"Morgan Gibbs-White 62', Morgan Gibbs-White 69', Morgan Gibbs-White 77', Igor Jesus 90+8'",Zian Flemming 45+2'
20 Apr 2026,Crystal Palace,0,0,West Ham United,0,0,2,1,,
21 Apr 2026,Brighton and Hove Albion,3,0,Chelsea,0,0,1,1,"Ferdi Kadioğlu 3', Jack Hinshelwood 56', Danny Welbeck 90+1'",
22 Apr 2026,AFC Bournemouth,2,2,Leeds United,0,0,3,0,"Eli Kroupi 60', Rayan 86'",Sean Longstaff 90+7'
25 Apr 2026,Arsenal,1,0,Newcastle United,0,0,2,2,Eberechi Eze 9',
24 Apr 2026,Sunderland,0,5,Nottingham Forest,0,0,2,5,,"Chris Wood 31', Morgan Gibbs-White 34', Igor Jesus 37', Elliott Anderson 90+5'"
22 Apr 2026,Burnley,0,1,Manchester City,0,0,0,0,,Erling Haaland 5'
25 Apr 2026,Fulham,1,0,Aston Villa,0,0,2,2,Ryan Sessegnon 43',
25 Apr 2026,Liverpool,3,1,Crystal Palace,0,0,1,3,"Alexander Isak 35', Andy Robertson 40', Florian Wirtz 90+6'",Daniel Muñoz 71'
25 Apr 2026,West Ham United,2,1,Everton,0,0,3,4,"Tomáš Souček 51', Callum Wilson 90+2'",Kiernan Dewsbury-Hall 88'
25 Apr 2026,Wolverhampton Wanderers,0,1,Tottenham Hotspur,0,0,3,4,,João Palhinha 82'
27 Apr 2026,Manchester United,2,1,Brentford,0,0,2,4,"Casemiro 11', Benjamin Seško 43'",Mathias Jensen 87'
01 May 2026,Leeds United,3,1,Burnley,0,0,4,3,"Anton Stach 8', Noah Okafor 52', Dominic Calvert-Lewin 56'",Loum Tchaouna 71'
02 May 2026,Arsenal,3,0,Fulham,0,0,0,1,"Viktor Gyökeres 9', Bukayo Saka 40', Viktor Gyökeres 45+4'",
02 May 2026,Newcastle United,3,1,Brighton and Hove Albion,0,0,3,3,"Will Osula 12', Dan Burn 24', Harvey Barnes 90+5'",Jack Hinshelwood 61'
02 May 2026,Brentford,3,0,West Ham United,0,0,1,3,Mikkel Damsgaard 82',
02 May 2026,Wolverhampton Wanderers,1,1,Sunderland,0,1,0,4,Santiago Bueno 54',Nordi Mukiele 17'
03 May 2026,AFC Bournemouth,3,0,Crystal Palace,0,0,0,2,Rayan 77',
03 May 2026,Aston Villa,1,2,Tottenham Hotspur,0,0,2,5,Emi Buendía 90+6',"Conor Gallagher 9', Richarlison 25'"
04 May 2026,Chelsea,1,3,Nottingham Forest,0,0,3,1,João Pedro 90+3',"Taiwo Awoniyi 2', Taiwo Awoniyi 52'"
03 May 2026,Manchester United,3,2,Liverpool,0,0,2,2,"Matheus Cunha 6', Benjamin Seško 14', Kobbie Mainoo 77'","Dominik Szoboszlai 47', Cody Gakpo 56'"
09 May 2026,Brighton and Hove Albion,3,0,Wolverhampton Wanderers,0,0,1,2,"Jack Hinshelwood 1', Lewis Dunk 5', Yankuba Minteh 86'",
04 May 2026,Everton,3,3,Manchester City,0,0,4,1,"Thierno Barry 68', Jake O'Brien 73', Thierno Barry 81'","Jérémy Doku 43', Erling Haaland 83', Jérémy Doku 90+7'"
09 May 2026,Fulham,0,1,AFC Bournemouth,1,1,4,2,,Rayan 53'
09 May 2026,Liverpool,1,1,Chelsea,0,0,2,4,Ryan Gravenberch 6',Enzo Fernández 35'
09 May 2026,Manchester City,3,0,Brentford,0,0,4,2,"Jérémy Doku 60', Erling Haaland 75', Omar Marmoush 90+2'",
09 May 2026,Sunderland,0,0,Manchester United,0,0,0,3,,
10 May 2026,Crystal Palace,2,2,Everton,0,0,0,2,"Ismaïla Sarr 34', Jean-Philippe Mateta 77'","James Tarkowski 6', Beto 47'"
10 May 2026,Burnley,2,2,Aston Villa,0,0,1,1,"Jaidon Anthony 8', Zian Flemming 58'","Ross Barkley 42', Ollie Watkins 56'"
10 May 2026,Nottingham Forest,1,1,Newcastle United,0,0,2,0,Elliott Anderson 88',Harvey Barnes 74'
10 May 2026,West Ham United,0,1,Arsenal,0,0,3,4,,Leandro Trossard 83'
11 May 2026,Tottenham Hotspur,1,1,Leeds United,0,0,3,1,Mathys Tel 50',
13 May 2026,Manchester City,3,0,Crystal Palace,0,0,0,2,"Antoine Semenyo 32', Omar Marmoush 40', Sávio 84'",
15 May 2026,Aston Villa,4,2,Liverpool,0,0,3,1,"Morgan Rogers 42', Ollie Watkins 57', Ollie Watkins 73', John McGinn 89'","Virgil van Dijk 52', Virgil van Dijk 90+2'"
17 May 2026,Everton,1,3,Sunderland,0,0,3,0,Merlin Röhl 43',"Brian Brobbey 59', Enzo Le Fée 81', Wilson Isidor 90+1'"
17 May 2026,Leeds United,1,0,Brighton and Hove Albion,0,0,1,0,Dominic Calvert-Lewin 90+6',
17 May 2026,Brentford,2,2,Crystal Palace,0,0,1,3,"Dango Ouattara 40', Dango Ouattara 88'",Adam Wharton 52'
17 May 2026,Manchester United,3,2,Nottingham Forest,0,0,2,1,"Luke Shaw 6', Matheus Cunha 55', Bryan Mbeumo 76'","Morato 54', Morgan Gibbs-White 78'"
17 May 2026,Newcastle United,3,1,West Ham United,0,0,1,3,"Nick Woltemade 15', Will Osula 19', Will Osula 65'",Taty Castellanos 69'
17 May 2026,Wolverhampton Wanderers,1,1,Fulham,0,0,1,0,Mateus Mané 25',
18 May 2026,Arsenal,1,0,Burnley,0,0,1,3,Kai Havertz 37',
19 May 2026,AFC Bournemouth,1,1,Manchester City,0,0,4,2,Eli Kroupi 39',Erling Haaland 90+5'
24 May 2026,Brighton and Hove Albion,0,3,Manchester United,0,0,0,1,,"Patrick Dorgu 33', Bryan Mbeumo 44', Bruno Fernandes 48'"
24 May 2026,Burnley,1,1,Wolverhampton Wanderers,0,0,2,2,Zian Flemming 47',
19 May 2026,Chelsea,2,1,Tottenham Hotspur,0,0,4,3,"Enzo Fernández 18', Andrey Santos 67'",Richarlison 74'
24 May 2026,Crystal Palace,1,2,Arsenal,0,0,0,1,Jean-Philippe Mateta 89',"Gabriel Jesus 42', Noni Madueke 48'"
24 May 2026,Fulham,2,0,Newcastle United,0,0,2,2,"Issa Diop 20', Tom Cairney 80'",
24 May 2026,Liverpool,1,1,Brentford,0,0,2,3,Curtis Jones 58',Kevin Schade 64'
24 May 2026,Manchester City,1,2,Aston Villa,0,0,1,0,Antoine Semenyo 23',"Ollie Watkins 47', Ollie Watkins 61'"
24 May 2026,Nottingham Forest,1,1,AFC Bournemouth,0,0,1,1,Morgan Gibbs-White 34',Marcus Tavernier 54'
24 May 2026,Sunderland,2,1,Chelsea,0,1,5,5,Trai Hume 25',Cole Palmer 56'
24 May 2026,West Ham United,3,0,Leeds United,0,0,0,3,"Taty Castellanos 67', Jarrod Bowen 79', Callum Wilson 90+5'",
24 May 2026,Tottenham Hotspur,1,0,Everton,0,0,3,2,João Palhinha 43',
17 Aug 2024,Everton,0,3,Brighton and Hove Albion,1,0,1,1,,"Kaoru Mitoma 25', Danny Welbeck 56', Simon Adingra 86'"
17 Aug 2024,Ipswich Town,0,2,Liverpool,0,0,3,1,,"Diogo Jota 60', Mohamed Salah 65'"
17 Aug 2024,Newcastle United,1,0,Southampton,1,0,2,4,Joelinton 45',
17 Aug 2024,Nottingham Forest,1,1,AFC Bournemouth,0,0,1,3,Chris Wood 23',Antoine Semenyo 86'
17 Aug 2024,Arsenal,2,0,Wolverhampton Wanderers,0,0,2,2,"Kai Havertz 25', Bukayo Saka 74'",
17 Aug 2024,West Ham United,1,2,Aston Villa,0,0,1,2,,"Amadou Onana 4', Jhon Durán 79'"
16 Aug 2024,Manchester United,1,0,Fulham,0,0,2,3,Joshua Zirkzee 87',
18 Aug 2024,Brentford,2,1,Crystal Palace,0,0,1,5,"Bryan Mbeumo 29', Yoane Wissa 76'",
18 Aug 2024,Chelsea,0,2,Manchester City,0,0,1,1,,"Erling Haaland 18', Mateo Kovačić 84'"
19 Aug 2024,Leicester City,1,1,Tottenham Hotspur,0,0,1,1,Jamie Vardy 57',Pedro Porro 29'
24 Aug 2024,Aston Villa,0,2,Arsenal,0,0,1,3,,"Leandro Trossard 67', Thomas Partey 77'"
24 Aug 2024,Manchester City,4,1,Ipswich Town,0,0,2,3,"Kevin De Bruyne 14', Erling Haaland 16', Erling Haaland 88'",Sammie Szmodics 7'
24 Aug 2024,Brighton and Hove Albion,2,1,Manchester United,0,0,1,2,"Danny Welbeck 32', João Pedro 90+5'",Amad Diallo 60'
24 Aug 2024,Southampton,0,1,Nottingham Forest,0,0,3,3,,Morgan Gibbs-White 70'
24 Aug 2024,Fulham,2,1,Leicester City,0,0,2,2,"Emile Smith Rowe 18', Alex Iwobi 70'",Wout Faes 38'
24 Aug 2024,Crystal Palace,0,2,West Ham United,0,0,1,1,,"Tomáš Souček 67', Jarrod Bowen 72'"
24 Aug 2024,Tottenham Hotspur,4,0,Everton,0,0,0,0,"Yves Bissouma 14', SON Heung-min 25', Cristian Romero 71', SON Heung-min 77'",
25 Aug 2024,AFC Bournemouth,1,1,Newcastle United,0,0,2,2,Marcus Tavernier 37',Anthony Gordon 76'
31 Aug 2024,Ipswich Town,1,1,Fulham,0,0,2,3,Liam Delap 15',Adama Traoré 32'
25 Aug 2024,Wolverhampton Wanderers,2,6,Chelsea,0,0,2,3,"Matheus Cunha 27', Jørgen Strand Larsen 45+6'","Nicolas Jackson 2', Cole Palmer 45', Noni Madueke 49', Noni Madueke 58', Noni Madueke 63', João Félix 80'"
31 Aug 2024,Brentford,3,1,Southampton,0,0,2,1,"Bryan Mbeumo 43', Bryan Mbeumo 65', Yoane Wissa 69'",Yukinari Sugawara 90+4'
31 Aug 2024,Everton,2,3,AFC Bournemouth,0,0,2,1,"Michael Keane 50', Dominic Calvert-Lewin 57'","Antoine Semenyo 87', Lewis Cook 90+2', Luis Sinisterra 90+6'"
31 Aug 2024,Arsenal,1,1,Brighton and Hove Albion,1,0,5,2,Kai Havertz 38',João Pedro 58'
25 Aug 2024,Liverpool,2,0,Brentford,0,0,2,3,"Luis Díaz 13', Mohamed Salah 70'",
31 Aug 2024,Nottingham Forest,1,1,Wolverhampton Wanderers,0,0,3,4,Chris Wood 10',Jean-Ricner Bellegarde 12'
31 Aug 2024,Leicester City,1,2,Aston Villa,0,0,4,5,Facundo Buonanotte 73',"Amadou Onana 28', Jhon Durán 63'"
31 Aug 2024,West Ham United,1,3,Manchester City,0,0,3,2,,"Erling Haaland 10', Erling Haaland 30', Erling Haaland 83'"
01 Sep 2024,Chelsea,1,1,Crystal Palace,0,0,4,2,Nicolas Jackson 25',Eberechi Eze 53'
01 Sep 2024,Newcastle United,2,1,Tottenham Hotspur,0,0,4,4,"Harvey Barnes 37', Alexander Isak 78'",
14 Sep 2024,AFC Bournemouth,0,1,Chelsea,0,0,6,8,,Christopher Nkunku 86'
01 Sep 2024,Manchester United,0,3,Liverpool,0,0,4,1,,"Luis Díaz 35', Luis Díaz 42', Mohamed Salah 56'"
14 Sep 2024,Aston Villa,3,2,Everton,0,0,1,4,"Ollie Watkins 36', Ollie Watkins 58', Jhon Durán 76'","Dwight McNeil 16', Dominic Calvert-Lewin 27'"
14 Sep 2024,Brighton and Hove Albion,0,0,Ipswich Town,0,0,4,3,,
14 Sep 2024,Crystal Palace,2,2,Leicester City,0,0,0,3,Jean-Philippe Mateta 47',"Jamie Vardy 21', Stephy Mavididi 46'"
14 Sep 2024,Fulham,1,1,West Ham United,0,0,2,3,Raúl Jiménez 24',Danny Ings 90+5'
14 Sep 2024,Liverpool,0,1,Nottingham Forest,0,0,4,4,,Callum Hudson-Odoi 72'
14 Sep 2024,Manchester City,2,1,Brentford,0,0,3,1,"Erling Haaland 19', Erling Haaland 32'",Yoane Wissa 1'
14 Sep 2024,Southampton,0,3,Manchester United,1,0,1,4,,"Matthijs de Ligt 35', Marcus Rashford 41', Alejandro Garnacho 90+6'"
15 Sep 2024,Wolverhampton Wanderers,1,2,Newcastle United,0,0,3,3,Mario Lemina 36',"Fabian Schär 75', Harvey Barnes 80'"
15 Sep 2024,Tottenham Hotspur,0,1,Arsenal,0,0,5,3,,Gabriel 64'
21 Sep 2024,Aston Villa,3,1,Wolverhampton Wanderers,0,0,3,6,"Ollie Watkins 73', Ezri Konsa 88', Jhon Durán 90+4'",Matheus Cunha 25'
21 Sep 2024,Crystal Palace,0,0,Manchester United,0,0,3,2,,
21 Sep 2024,Fulham,3,1,Newcastle United,0,0,6,0,"Raúl Jiménez 5', Emile Smith Rowe 22', Reiss Nelson 90+2'",Harvey Barnes 46'
21 Sep 2024,Leicester City,1,1,Everton,0,0,1,2,Stephy Mavididi 73',Iliman N'Diaye 12'
21 Sep 2024,Liverpool,3,0,AFC Bournemouth,0,0,1,4,"Luis Díaz 26', Luis Díaz 28', Darwin Núñez 37'",
21 Sep 2024,Southampton,1,1,Ipswich Town,0,0,4,4,Tyler Dibling 5',Sam Morsy 90+5'
21 Sep 2024,West Ham United,0,3,Chelsea,0,0,5,2,,"Nicolas Jackson 4', Nicolas Jackson 18', Cole Palmer 47'"
21 Sep 2024,Tottenham Hotspur,3,1,Brentford,0,0,3,1,"Dominic Solanke 8', Brennan Johnson 28', James Maddison 85'",Bryan Mbeumo 1'
22 Sep 2024,Brighton and Hove Albion,2,2,Nottingham Forest,0,1,3,6,"Jack Hinshelwood 42', Danny Welbeck 45'",Ramón Sosa 70'
22 Sep 2024,Manchester City,2,2,Arsenal,0,1,3,6,"Erling Haaland 9', John Stones 90+8'","Riccardo Calafiori 22', Gabriel 45+1'"
28 Sep 2024,Arsenal,4,2,Leicester City,0,0,2,4,"Gabriel Martinelli 20', Leandro Trossard 45+1', Kai Havertz 90+9'","James Justin 47', James Justin 63'"
28 Sep 2024,Brentford,1,1,West Ham United,0,0,2,3,Bryan Mbeumo 1',Tomáš Souček 54'
28 Sep 2024,Chelsea,4,2,Brighton and Hove Albion,0,0,3,2,"Cole Palmer 21', Cole Palmer 31', Cole Palmer 41'","Georginio Rutter 7', Carlos Baleba 34'"
28 Sep 2024,Everton,2,1,Crystal Palace,0,0,2,0,"Dwight McNeil 47', Dwight McNeil 54'",Marc Guéhi 10'
28 Sep 2024,Nottingham Forest,0,1,Fulham,0,0,2,4,,
28 Sep 2024,Newcastle United,1,1,Manchester City,0,0,4,4,,Joško Gvardiol 35'
28 Sep 2024,Wolverhampton Wanderers,1,2,Liverpool,0,0,2,3,Rayan Aït Nouri 56',Ibrahima Konaté 45+2'
29 Sep 2024,Ipswich Town,2,2,Aston Villa,0,0,4,1,"Liam Delap 8', Liam Delap 72'","Morgan Rogers 15', Ollie Watkins 32'"
30 Sep 2024,AFC Bournemouth,3,1,Southampton,0,0,2,5,"Evanilson 17', Dango Ouattara 32', Antoine Semenyo 37'",Taylor Harwood-Bellis 51'
29 Sep 2024,Manchester United,0,3,Tottenham Hotspur,1,0,5,3,,"Brennan Johnson 3', Dejan Kulusekvski 47', Dominic Solanke 78'"
05 Oct 2024,Arsenal,3,1,Southampton,0,0,0,3,"Kai Havertz 58', Gabriel Martinelli 68', Bukayo Saka 88'",Cameron Archer 55'
05 Oct 2024,Brentford,5,3,Wolverhampton Wanderers,0,0,2,3,"Nathan Collins 2', Christian Norgaard 28', Ethan Pinnock 45+2', Fábio Carvalho 90'","Matheus Cunha 4', Jørgen Strand Larsen 26', Rayan Aït Nouri 90+3'"
05 Oct 2024,Crystal Palace,0,1,Liverpool,0,0,4,2,,Diogo Jota 9'
05 Oct 2024,Leicester City,1,0,AFC Bournemouth,0,0,4,1,Facundo Buonanotte 16',
05 Oct 2024,Everton,0,0,Newcastle United,0,0,1,2,,
05 Oct 2024,Manchester City,3,2,Fulham,0,0,2,1,"Mateo Kovačić 32', Mateo Kovačić 47', Jérémy Doku 82'","Andreas Pereira 26', Rodrigo Muniz 88'"
06 Oct 2024,Aston Villa,0,0,Manchester United,0,0,1,5,,
05 Oct 2024,West Ham United,4,1,Ipswich Town,0,0,0,1,"Michail Antonio 1', Mohammed Kudus 43', Jarrod Bowen 49', Lucas Paquetá 69'",Liam Delap 6'
06 Oct 2024,Brighton and Hove Albion,3,2,Tottenham Hotspur,0,0,2,2,"Yankuba Minteh 48', Georginio Rutter 58', Danny Welbeck 66'","Brennan Johnson 23', James Maddison 37'"
06 Oct 2024,Chelsea,1,1,Nottingham Forest,0,1,6,4,Noni Madueke 57',Chris Wood 49'
19 Oct 2024,AFC Bournemouth,2,0,Arsenal,0,1,1,1,Ryan Christie 70',
19 Oct 2024,Fulham,1,3,Aston Villa,1,1,3,5,Raúl Jiménez 5',"Morgan Rogers 9', Ollie Watkins 59'"
19 Oct 2024,Ipswich Town,0,2,Everton,0,0,1,1,,"Iliman N'Diaye 17', Michael Keane 40'"
19 Oct 2024,Manchester United,2,1,Brentford,0,0,2,2,"Alejandro Garnacho 47', Rasmus Højlund 62'",Ethan Pinnock 45+5'
19 Oct 2024,Southampton,2,3,Leicester City,1,0,5,3,"Cameron Archer 8', Joe Aribo 28'","Facundo Buonanotte 65', Jordan Ayew 90+8'"
19 Oct 2024,Newcastle United,0,1,Brighton and Hove Albion,0,0,2,2,,Danny Welbeck 35'
19 Oct 2024,Tottenham Hotspur,4,1,West Ham United,0,1,1,3,"Dejan Kulusekvski 36', Yves Bissouma 52', SON Heung-min 60'",Mohammed Kudus 18'
20 Oct 2024,Liverpool,2,1,Chelsea,0,0,4,3,Curtis Jones 51',Nicolas Jackson 48'
20 Oct 2024,Wolverhampton Wanderers,1,2,Manchester City,0,0,3,1,Jørgen Strand Larsen 7',"Joško Gvardiol 33', John Stones 90+5'"
25 Oct 2024,Leicester City,1,3,Nottingham Forest,0,0,5,3,Jamie Vardy 23',"Ryan Yates 16', Chris Wood 47', Chris Wood 60'"
21 Oct 2024,Nottingham Forest,1,0,Crystal Palace,0,0,2,3,Chris Wood 65',
26 Oct 2024,Aston Villa,1,1,AFC Bournemouth,0,0,7,6,Ross Barkley 76',Evanilson 90+6'
26 Oct 2024,Brentford,4,3,Ipswich Town,0,1,0,3,"Yoane Wissa 44', Yoane Wissa 45+1', Bryan Mbeumo 90+6'","Sammie Szmodics 28', George Hirst 31', Liam Delap 86'"
26 Oct 2024,Manchester City,1,0,Southampton,0,0,1,3,Erling Haaland 5',
26 Oct 2024,Brighton and Hove Albion,2,2,Wolverhampton Wanderers,0,0,3,3,"Danny Welbeck 45', Evan Ferguson 85'","Rayan Aït Nouri 88', Matheus Cunha 90+3'"
26 Oct 2024,Everton,1,1,Fulham,0,0,1,0,Beto 90+4',Alex Iwobi 61'
27 Oct 2024,Arsenal,2,2,Liverpool,0,0,2,2,"Bukayo Saka 9', Mikel Merino 43'","Virgil van Dijk 18', Mohamed Salah 81'"
27 Oct 2024,Chelsea,2,1,Newcastle United,0,0,6,3,"Nicolas Jackson 18', Cole Palmer 47'",Alexander Isak 32'
27 Oct 2024,Crystal Palace,1,0,Tottenham Hotspur,0,0,4,4,Jean-Philippe Mateta 31',
27 Oct 2024,West Ham United,2,1,Manchester United,0,0,5,1,Crysencio Summerville 74',Casemiro 81'
02 Nov 2024,AFC Bournemouth,2,1,Manchester City,0,0,2,1,"Antoine Semenyo 9', Evanilson 64'",Joško Gvardiol 82'
02 Nov 2024,Liverpool,2,1,Brighton and Hove Albion,0,0,1,1,"Cody Gakpo 69', Mohamed Salah 72'",Ferdi Kadioğlu 14'
02 Nov 2024,Newcastle United,1,0,Arsenal,0,0,4,4,Alexander Isak 12',
02 Nov 2024,Ipswich Town,1,1,Leicester City,1,0,6,2,Leif Davis 55',Jordan Ayew 90+4'
02 Nov 2024,Nottingham Forest,3,0,West Ham United,0,1,1,4,"Chris Wood 27', Callum Hudson-Odoi 65', Ola Aina 78'",
02 Nov 2024,Southampton,1,0,Everton,0,0,4,2,Adam Armstrong 85',
02 Nov 2024,Wolverhampton Wanderers,2,2,Crystal Palace,0,0,1,2,"Jørgen Strand Larsen 67', João Gomes 72'","Trevoh Chalobah 60', Marc Guéhi 77'"
03 Nov 2024,Manchester United,1,1,Chelsea,0,0,6,2,,Moisés Caicedo 74'
03 Nov 2024,Tottenham Hotspur,4,1,Aston Villa,0,0,2,0,"Brennan Johnson 49', Dominic Solanke 75', Dominic Solanke 79', James Maddison 90+6'",Morgan Rogers 32'
04 Nov 2024,Fulham,2,1,Brentford,0,0,2,1,"Harry Wilson 90+2', Harry Wilson 90+7'",Vitaly Janelt 24'
09 Nov 2024,Brentford,3,2,AFC Bournemouth,0,0,2,4,"Yoane Wissa 27', Mikkel Damsgaard 50', Yoane Wissa 58'","Evanilson 17', Justin Kluivert 49'"
09 Nov 2024,Brighton and Hove Albion,2,1,Manchester City,0,0,3,3,"João Pedro 78', Matt O'Riley 83'",Erling Haaland 23'
09 Nov 2024,Crystal Palace,0,2,Fulham,1,0,1,1,,"Emile Smith Rowe 45+2', Harry Wilson 83'"
09 Nov 2024,Liverpool,2,0,Aston Villa,0,0,0,3,"Darwin Núñez 20', Mohamed Salah 84'",
09 Nov 2024,West Ham United,0,0,Everton,0,0,1,2,,
09 Nov 2024,Wolverhampton Wanderers,2,0,Southampton,0,0,1,4,"Pablo Sarabia 2', Matheus Cunha 51'",
10 Nov 2024,Chelsea,1,1,Arsenal,0,0,4,2,Pedro Neto 70',Gabriel Martinelli 60'
10 Nov 2024,Manchester United,3,0,Leicester City,0,0,0,1,"Bruno Fernandes 17', Alejandro Garnacho 82'",
10 Nov 2024,Nottingham Forest,1,3,Newcastle United,0,0,1,1,Murillo 22',"Alexander Isak 54', Joelinton 72', Harvey Barnes 83'"
10 Nov 2024,Tottenham Hotspur,1,2,Ipswich Town,0,0,1,5,Rodrigo Bentancur 69',"Sammie Szmodics 31', Liam Delap 43'"
23 Nov 2024,AFC Bournemouth,1,2,Brighton and Hove Albion,0,1,2,4,David Brooks 90+3',"João Pedro 4', Kaoru Mitoma 49'"
23 Nov 2024,Arsenal,3,0,Nottingham Forest,0,0,3,2,"Bukayo Saka 15', Thomas Partey 52', Ethan Nwaneri 86'",
23 Nov 2024,Aston Villa,2,2,Crystal Palace,0,0,3,2,"Ollie Watkins 36', Ross Barkley 77'","Ismaïla Sarr 4', Justin Devenny 45+1'"
23 Nov 2024,Fulham,1,4,Wolverhampton Wanderers,0,0,3,0,Alex Iwobi 20',"Matheus Cunha 31', João Gomes 53', Matheus Cunha 87', Gonçalo Guedes 90+5'"
23 Nov 2024,Everton,0,0,Brentford,0,1,0,0,,
23 Nov 2024,Leicester City,1,2,Chelsea,0,0,4,3,,"Nicolas Jackson 15', Enzo Fernández 75'"
23 Nov 2024,Manchester City,0,4,Tottenham Hotspur,0,0,4,2,,"James Maddison 13', James Maddison 20', Pedro Porro 52', Brennan Johnson 90+3'"
24 Nov 2024,Ipswich Town,1,1,Manchester United,0,0,0,0,Omari Hutchinson 43',Marcus Rashford 2'
29 Nov 2024,Brighton and Hove Albion,1,1,Southampton,0,0,2,4,Kaoru Mitoma 29',Flynn Downes 59'
24 Nov 2024,Southampton,2,3,Liverpool,0,0,3,4,"Adam Armstrong 42', Mateus Fernandes 56'","Dominik Szoboszlai 30', Mohamed Salah 65'"
25 Nov 2024,Newcastle United,0,2,West Ham United,0,0,1,0,,"Tomáš Souček 10', Aaron Wan-Bissaka 53'"
30 Nov 2024,Brentford,4,1,Leicester City,0,0,1,1,"Yoane Wissa 25', Kevin Schade 29', Kevin Schade 45+8', Kevin Schade 59'",Facundo Buonanotte 21'
30 Nov 2024,Crystal Palace,1,1,Newcastle United,0,0,3,3,Daniel Muñoz 90+4',
30 Nov 2024,Nottingham Forest,1,0,Ipswich Town,0,0,1,3,,
30 Nov 2024,West Ham United,2,5,Arsenal,0,0,4,1,"Aaron Wan-Bissaka 38', Emerson 40'","Gabriel 10', Leandro Trossard 27', Kai Havertz 36'"
30 Nov 2024,Wolverhampton Wanderers,2,4,AFC Bournemouth,0,0,5,1,"Jørgen Strand Larsen 5', Jørgen Strand Larsen 69'",Miloš Kerkez 8'
01 Dec 2024,Liverpool,2,0,Manchester City,0,0,1,3,Cody Gakpo 12',
01 Dec 2024,Chelsea,3,0,Aston Villa,0,0,2,2,"Nicolas Jackson 7', Enzo Fernández 36', Cole Palmer 83'",
01 Dec 2024,Manchester United,4,0,Everton,0,0,2,3,"Marcus Rashford 34', Joshua Zirkzee 41', Marcus Rashford 46', Joshua Zirkzee 64'",
03 Dec 2024,Ipswich Town,0,1,Crystal Palace,0,0,2,4,,Jean-Philippe Mateta 59'
03 Dec 2024,Leicester City,3,1,West Ham United,0,0,2,2,"Jamie Vardy 2', Bilal El Khannous 61', Patson Daka 90'",Niclas Füllkrug 90+3'
04 Dec 2024,Arsenal,2,0,Manchester United,0,0,1,3,"Jurriën Timber 54', William Saliba 73'",
01 Dec 2024,Tottenham Hotspur,1,1,Fulham,0,1,0,1,Brennan Johnson 54',Tom Cairney 67'
04 Dec 2024,Aston Villa,3,1,Brentford,0,0,2,2,"Morgan Rogers 21', Matty Cash 34'",Mikkel Damsgaard 54'
04 Dec 2024,Everton,4,0,Wolverhampton Wanderers,0,0,2,0,"Ashley Young 10', Orel Mangala 33'",
04 Dec 2024,Manchester City,3,0,Nottingham Forest,0,0,2,4,"Bernardo Silva 8', Kevin De Bruyne 31', Jérémy Doku 57'",
04 Dec 2024,Newcastle United,3,3,Liverpool,0,0,2,5,"Alexander Isak 35', Anthony Gordon 62', Fabian Schär 90'","Curtis Jones 50', Mohamed Salah 68', Mohamed Salah 83'"
05 Dec 2024,Fulham,3,1,Brighton and Hove Albion,0,0,2,2,"Alex Iwobi 4', Alex Iwobi 87'",Carlos Baleba 56'
04 Dec 2024,Southampton,1,5,Chelsea,1,0,1,0,Joe Aribo 11',"Axel Disasi 7', Christopher Nkunku 17', Noni Madueke 34', Cole Palmer 76', Jadon Sancho 87'"
05 Dec 2024,AFC Bournemouth,1,0,Tottenham Hotspur,0,0,2,2,Dean Huijsen 17',
07 Dec 2024,Brentford,4,2,Newcastle United,0,0,3,0,"Bryan Mbeumo 8', Yoane Wissa 28', Nathan Collins 56', Kevin Schade 90'","Alexander Isak 11', Harvey Barnes 32'"
07 Dec 2024,Aston Villa,1,0,Southampton,0,0,1,3,Jhon Durán 24',
08 Dec 2024,Fulham,1,1,Arsenal,0,0,4,2,Raúl Jiménez 11',William Saliba 52'
07 Dec 2024,Crystal Palace,2,2,Manchester City,0,1,1,2,"Daniel Muñoz 4', Maxence Lacroix 56'","Erling Haaland 30', Rico Lewis 68'"
07 Dec 2024,Manchester United,2,3,Nottingham Forest,0,0,0,1,"Rasmus Højlund 18', Bruno Fernandes 61'","Nikola Milenković 2', Morgan Gibbs-White 47', Chris Wood 54'"
08 Dec 2024,Ipswich Town,1,2,AFC Bournemouth,0,0,2,1,Conor Chaplin 21',"Enes Ünal 87', Dango Ouattara 90+5'"
08 Dec 2024,Leicester City,2,2,Brighton and Hove Albion,0,0,1,2,"Jamie Vardy 86', Bobby Decordova-Reid 90+1'","Tariq Lamptey 37', Yankuba Minteh 79'"
09 Dec 2024,West Ham United,2,1,Wolverhampton Wanderers,0,0,5,4,"Tomáš Souček 54', Jarrod Bowen 72'",Matt Doherty 69'
14 Dec 2024,Arsenal,0,0,Everton,0,0,0,3,,
08 Dec 2024,Tottenham Hotspur,3,4,Chelsea,0,0,2,3,"Dominic Solanke 5', Dejan Kulusekvski 11', SON Heung-min 90+6'","Jadon Sancho 17', Enzo Fernández 73'"
14 Dec 2024,Nottingham Forest,2,1,Aston Villa,0,0,0,1,"Nikola Milenković 87', Anthony Elanga 90+3'",Jhon Durán 63'
14 Dec 2024,Liverpool,2,2,Fulham,1,0,3,4,"Cody Gakpo 47', Diogo Jota 86'","Andreas Pereira 11', Rodrigo Muniz 76'"
14 Dec 2024,Newcastle United,4,0,Leicester City,0,0,3,3,"Jacob Murphy 30', Bruno Guimarães 47', Alexander Isak 50', Jacob Murphy 60'",
14 Dec 2024,Wolverhampton Wanderers,1,2,Ipswich Town,1,0,2,2,Matheus Cunha 72',Jack Taylor 90+4'
15 Dec 2024,Brighton and Hove Albion,1,3,Crystal Palace,0,0,1,4,,"Trevoh Chalobah 27', Ismaïla Sarr 33', Ismaïla Sarr 82'"
15 Dec 2024,Southampton,0,5,Tottenham Hotspur,0,0,1,3,,"James Maddison 1', SON Heung-min 12', Dejan Kulusekvski 14', Pape Matar Sarr 25', James Maddison 45+4'"
15 Dec 2024,Manchester City,1,2,Manchester United,0,0,1,1,Joško Gvardiol 36',Amad Diallo 90'
15 Dec 2024,Chelsea,2,1,Brentford,1,0,2,2,"Marc Cucurella 43', Nicolas Jackson 80'",Bryan Mbeumo 90'
21 Dec 2024,Aston Villa,2,1,Manchester City,0,0,3,3,"Jhon Durán 16', Morgan Rogers 65'",Phil Foden 90+3'
16 Dec 2024,AFC Bournemouth,1,1,West Ham United,0,0,0,2,Enes Ünal 90',
21 Dec 2024,Brentford,0,2,Nottingham Forest,0,0,3,4,,"Ola Aina 38', Anthony Elanga 51'"
21 Dec 2024,Ipswich Town,0,4,Newcastle United,0,0,2,0,,"Alexander Isak 1', Jacob Murphy 32', Alexander Isak 45+2', Alexander Isak 54'"
21 Dec 2024,Crystal Palace,1,5,Arsenal,0,0,2,2,Ismaïla Sarr 11',"Gabriel Jesus 6', Gabriel Jesus 15', Kai Havertz 38', Gabriel Martinelli 60', Declan Rice 84'"
22 Dec 2024,Manchester United,0,3,AFC Bournemouth,0,0,1,3,,"Dean Huijsen 29', Antoine Semenyo 63'"
22 Dec 2024,Fulham,0,0,Southampton,0,0,1,3,,
22 Dec 2024,Leicester City,0,3,Wolverhampton Wanderers,0,0,2,0,,"Gonçalo Guedes 19', Rodrigo Gomes 36', Matheus Cunha 44'"
21 Dec 2024,West Ham United,1,1,Brighton and Hove Albion,0,0,2,2,Mohammed Kudus 58',Mats Wieffer 51'
22 Dec 2024,Everton,0,0,Chelsea,0,0,4,1,,
26 Dec 2024,AFC Bournemouth,0,0,Crystal Palace,0,0,2,2,,
26 Dec 2024,Chelsea,1,2,Fulham,0,0,1,3,Cole Palmer 16',"Harry Wilson 82', Rodrigo Muniz 90+5'"
22 Dec 2024,Tottenham Hotspur,3,6,Liverpool,0,0,1,2,"James Maddison 41', Dejan Kulusekvski 72', Dominic Solanke 83'","Luis Díaz 23', Alexis Mac Allister 36', Dominik Szoboszlai 45+1', Mohamed Salah 54', Mohamed Salah 61', Luis Díaz 85'"
26 Dec 2024,Southampton,0,1,West Ham United,0,0,1,2,,Jarrod Bowen 59'
26 Dec 2024,Newcastle United,3,0,Aston Villa,0,1,2,1,"Anthony Gordon 2', Alexander Isak 59', Joelinton 90+1'",
26 Dec 2024,Liverpool,3,1,Leicester City,0,0,3,2,"Cody Gakpo 45+1', Curtis Jones 49', Mohamed Salah 82'",Jordan Ayew 6'
26 Dec 2024,Nottingham Forest,1,0,Tottenham Hotspur,0,1,3,4,Anthony Elanga 28',
26 Dec 2024,Manchester City,1,1,Everton,0,0,1,4,Bernardo Silva 14',Iliman N'Diaye 36'
26 Dec 2024,Wolverhampton Wanderers,2,0,Manchester United,0,1,2,4,"Matheus Cunha 58', HWANG Hee-chan 90+9'",
27 Dec 2024,Brighton and Hove Albion,0,0,Brentford,0,0,0,2,,
27 Dec 2024,Arsenal,1,0,Ipswich Town,0,0,1,1,Kai Havertz 23',
29 Dec 2024,Crystal Palace,2,1,Southampton,0,0,2,3,"Trevoh Chalobah 31', Eberechi Eze 52'",Tyler Dibling 14'
29 Dec 2024,Everton,0,2,Nottingham Forest,0,0,4,1,,"Chris Wood 15', Morgan Gibbs-White 61'"
29 Dec 2024,Leicester City,0,2,Manchester City,0,0,2,1,,"Sávio 21', Erling Haaland 74'"
29 Dec 2024,Fulham,2,2,AFC Bournemouth,0,0,1,3,"Raúl Jiménez 40', Harry Wilson 72'","Evanilson 51', Dango Ouattara 89'"
29 Dec 2024,Tottenham Hotspur,2,2,Wolverhampton Wanderers,0,0,1,2,"Rodrigo Bentancur 12', Brennan Johnson 45+3'","HWANG Hee-chan 7', Jørgen Strand Larsen 87'"
29 Dec 2024,West Ham United,0,5,Liverpool,0,0,0,0,,"Luis Díaz 30', Cody Gakpo 40', Mohamed Salah 44', Trent Alexander-Arnold 54', Diogo Jota 84'"
01 Jan 2025,Brentford,1,3,Arsenal,0,0,1,2,Bryan Mbeumo 13',"Gabriel Jesus 29', Mikel Merino 50', Gabriel Martinelli 53'"
30 Dec 2024,Aston Villa,2,2,Brighton and Hove Albion,0,0,2,3,Morgan Rogers 47',"Simon Adingra 12', Tariq Lamptey 81'"
30 Dec 2024,Manchester United,0,2,Newcastle United,0,0,1,1,,"Alexander Isak 4', Joelinton 19'"
30 Dec 2024,Ipswich Town,2,0,Chelsea,0,0,3,4,Omari Hutchinson 53',
04 Jan 2025,AFC Bournemouth,1,0,Everton,0,0,2,2,David Brooks 77',
04 Jan 2025,Aston Villa,2,1,Leicester City,0,0,0,1,"Ross Barkley 58', Leon Bailey 76'",Stephy Mavididi 63'
04 Jan 2025,Brighton and Hove Albion,1,1,Arsenal,0,0,2,3,,Ethan Nwaneri 16'
04 Jan 2025,Crystal Palace,1,1,Chelsea,0,0,0,2,Jean-Philippe Mateta 82',Cole Palmer 14'
04 Jan 2025,Manchester City,4,1,West Ham United,0,0,2,1,"Erling Haaland 42', Erling Haaland 55', Phil Foden 58'",Niclas Füllkrug 71'
05 Jan 2025,Fulham,2,2,Ipswich Town,0,0,1,5,,Sammie Szmodics 38'
05 Jan 2025,Liverpool,2,2,Manchester United,0,0,2,4,Cody Gakpo 59',"Lisandro Martínez 52', Amad Diallo 80'"
04 Jan 2025,Southampton,0,5,Brentford,0,0,2,0,,"Kevin Schade 6', Bryan Mbeumo 62', Keane Lewis-Potter 90+2', Yoane Wissa 90+4'"
04 Jan 2025,Tottenham Hotspur,1,2,Newcastle United,0,0,1,4,Dominic Solanke 4',"Anthony Gordon 6', Alexander Isak 38'"
06 Jan 2025,Wolverhampton Wanderers,0,3,Nottingham Forest,0,0,1,2,,"Morgan Gibbs-White 7', Chris Wood 44', Taiwo Awoniyi 90+4'"
14 Jan 2025,Brentford,2,2,Manchester City,0,0,0,0,"Yoane Wissa 83', Christian Norgaard 90+2'","Phil Foden 66', Phil Foden 78'"
14 Jan 2025,Chelsea,2,2,AFC Bournemouth,0,0,2,3,"Cole Palmer 13', Reece James 90+5'",Antoine Semenyo 68'
14 Jan 2025,Nottingham Forest,1,1,Liverpool,0,0,2,1,Chris Wood 8',Diogo Jota 66'
14 Jan 2025,West Ham United,3,2,Fulham,0,0,3,3,"Carlos Soler 31', Tomáš Souček 33', Lucas Paquetá 67'","Alex Iwobi 51', Alex Iwobi 78'"
15 Jan 2025,Everton,0,1,Aston Villa,0,0,2,1,,Ollie Watkins 51'
15 Jan 2025,Leicester City,0,2,Crystal Palace,0,0,0,0,,"Jean-Philippe Mateta 52', Marc Guéhi 78'"
15 Jan 2025,Arsenal,2,1,Tottenham Hotspur,0,0,3,1,Leandro Trossard 44',SON Heung-min 25'
15 Jan 2025,Newcastle United,3,0,Wolverhampton Wanderers,0,0,0,2,"Alexander Isak 34', Alexander Isak 57', Anthony Gordon 74'",
16 Jan 2025,Ipswich Town,0,2,Brighton and Hove Albion,0,0,2,2,,"Kaoru Mitoma 59', Georginio Rutter 81'"
16 Jan 2025,Manchester United,3,1,Southampton,0,0,1,3,"Amad Diallo 82', Amad Diallo 90', Amad Diallo 90+4'",
18 Jan 2025,Arsenal,2,2,Aston Villa,0,0,2,3,"Gabriel Martinelli 35', Kai Havertz 55'","Youri Tielemans 60', Ollie Watkins 68'"
18 Jan 2025,Brentford,0,2,Liverpool,0,0,2,3,,"Darwin Núñez 90+1', Darwin Núñez 90+3'"
18 Jan 2025,Leicester City,0,2,Fulham,0,0,3,1,,"Emile Smith Rowe 48', Adama Traoré 68'"
18 Jan 2025,Newcastle United,1,4,AFC Bournemouth,0,0,1,6,Bruno Guimarães 25',"Justin Kluivert 6', Justin Kluivert 44', Justin Kluivert 90+2', Miloš Kerkez 90+6'"
18 Jan 2025,West Ham United,0,2,Crystal Palace,1,0,3,0,,Jean-Philippe Mateta 48'
19 Jan 2025,Everton,3,2,Tottenham Hotspur,0,0,2,1,"Dominic Calvert-Lewin 13', Iliman N'Diaye 30'","Dejan Kulusekvski 77', Richarlison 90+2'"
19 Jan 2025,Ipswich Town,0,6,Manchester City,0,0,0,1,,"Phil Foden 27', Mateo Kovačić 30', Phil Foden 42', Jérémy Doku 49', Erling Haaland 57', James McAtee 69'"
19 Jan 2025,Manchester United,1,3,Brighton and Hove Albion,0,0,3,3,,"Yankuba Minteh 5', Kaoru Mitoma 60', Georginio Rutter 76'"
19 Jan 2025,Nottingham Forest,3,2,Southampton,0,0,0,4,"Elliott Anderson 11', Callum Hudson-Odoi 28', Chris Wood 41'","Jan Bednarek 60', Paul Onuachu 90+1'"
20 Jan 2025,Chelsea,3,1,Wolverhampton Wanderers,0,0,4,2,"Tosin Adarabioyo 24', Marc Cucurella 60', Noni Madueke 65'",Matt Doherty 45+5'
25 Jan 2025,AFC Bournemouth,5,0,Nottingham Forest,0,0,2,3,"Justin Kluivert 9', Dango Ouattara 55', Dango Ouattara 61', Dango Ouattara 87', Antoine Semenyo 90+1'",
25 Jan 2025,Liverpool,4,1,Ipswich Town,0,0,0,2,"Dominik Szoboszlai 11', Mohamed Salah 35', Cody Gakpo 44', Cody Gakpo 66'",Jacob Greaves 90'
25 Jan 2025,Brighton and Hove Albion,0,1,Everton,0,0,4,4,,
25 Jan 2025,Manchester City,3,1,Chelsea,0,0,3,2,"Joško Gvardiol 42', Erling Haaland 68', Phil Foden 87'",Noni Madueke 3'
25 Jan 2025,Southampton,1,3,Newcastle United,0,0,1,0,Jan Bednarek 10',"Alexander Isak 30', Sandro Tonali 51'"
25 Jan 2025,Wolverhampton Wanderers,0,1,Arsenal,1,1,2,1,,Riccardo Calafiori 74'
26 Jan 2025,Crystal Palace,1,2,Brentford,0,0,2,2,Romain Esse 85',Kevin Schade 80'
26 Jan 2025,Aston Villa,1,1,West Ham United,0,0,2,3,Jacob Ramsey 8',Emerson 70'
26 Jan 2025,Fulham,0,1,Manchester United,0,0,0,1,,Lisandro Martínez 78'
26 Jan 2025,Tottenham Hotspur,1,2,Leicester City,0,0,1,5,Richarlison 33',"Jamie Vardy 46', Bilal El Khannous 50'"
01 Feb 2025,AFC Bournemouth,0,2,Liverpool,0,0,2,3,,Mohamed Salah 75'
01 Feb 2025,Ipswich Town,1,2,Southampton,0,0,0,3,Liam Delap 31',"Joe Aribo 21', Paul Onuachu 87'"
01 Feb 2025,Everton,4,0,Leicester City,0,0,0,0,"Abdoulaye Doucouré 1', Beto 6', Beto 45+2', Iliman N'Diaye 90'",
01 Feb 2025,Newcastle United,1,2,Fulham,0,0,4,4,Jacob Murphy 37',"Raúl Jiménez 61', Rodrigo Muniz 82'"
01 Feb 2025,Nottingham Forest,7,0,Brighton and Hove Albion,0,0,1,3,"Morgan Gibbs-White 25', Chris Wood 32', Chris Wood 64', Neco Williams 89', Jota Silva 90+1'",
01 Feb 2025,Wolverhampton Wanderers,2,0,Aston Villa,0,0,2,3,"Jean-Ricner Bellegarde 12', Matheus Cunha 90+7'",
02 Feb 2025,Arsenal,5,1,Manchester City,0,0,2,0,"Martin Odegaard 2', Thomas Partey 56', Myles Lewis-Skelly 62', Kai Havertz 76', Ethan Nwaneri 90+3'",Erling Haaland 55'
02 Feb 2025,Brentford,0,2,Tottenham Hotspur,0,0,0,1,,Pape Matar Sarr 87'
02 Feb 2025,Manchester United,0,2,Crystal Palace,0,0,3,1,,"Jean-Philippe Mateta 64', Jean-Philippe Mateta 89'"
03 Feb 2025,Chelsea,2,1,West Ham United,0,0,3,1,Pedro Neto 64',Jarrod Bowen 42'
12 Feb 2025,Everton,2,2,Liverpool,1,1,4,4,"Beto 11', James Tarkowski 90+8'","Alexis Mac Allister 16', Mohamed Salah 73'"
14 Feb 2025,Brighton and Hove Albion,3,0,Chelsea,0,0,1,2,"Kaoru Mitoma 27', Yankuba Minteh 38', Yankuba Minteh 63'",
15 Feb 2025,Aston Villa,1,1,Ipswich Town,0,1,0,5,Ollie Watkins 69',Liam Delap 56'
15 Feb 2025,Crystal Palace,1,2,Everton,0,0,0,1,Jean-Philippe Mateta 47',"Beto 42', Carlos Alcaraz 80'"
15 Feb 2025,Fulham,2,1,Nottingham Forest,0,0,0,0,"Emile Smith Rowe 15', Calvin Bassey 62'",Chris Wood 37'
15 Feb 2025,Leicester City,0,2,Arsenal,0,0,2,1,,"Mikel Merino 81', Mikel Merino 87'"
15 Feb 2025,Manchester City,4,0,Newcastle United,0,0,0,1,"Omar Marmoush 19', Omar Marmoush 24', Omar Marmoush 33', James McAtee 84'",
15 Feb 2025,Southampton,1,3,AFC Bournemouth,0,0,1,3,Kamaldeen Sulemana 72',"Dango Ouattara 14', Ryan Christie 16', Marcus Tavernier 83'"
15 Feb 2025,West Ham United,0,1,Brentford,0,0,1,1,,Kevin Schade 4'
16 Feb 2025,Liverpool,2,1,Wolverhampton Wanderers,0,0,2,2,Luis Díaz 15',Matheus Cunha 67'
16 Feb 2025,Tottenham Hotspur,1,0,Manchester United,0,0,1,2,James Maddison 13',
19 Feb 2025,Aston Villa,2,2,Liverpool,0,0,1,0,"Youri Tielemans 38', Ollie Watkins 45+3'","Mohamed Salah 29', Trent Alexander-Arnold 61'"
21 Feb 2025,Leicester City,0,4,Brentford,0,0,4,0,,"Yoane Wissa 17', Bryan Mbeumo 27', Christian Norgaard 32', Fábio Carvalho 89'"
22 Feb 2025,Arsenal,0,1,West Ham United,1,0,1,3,,Jarrod Bowen 44'
22 Feb 2025,AFC Bournemouth,0,1,Wolverhampton Wanderers,1,0,3,3,,Matheus Cunha 36'
22 Feb 2025,Aston Villa,2,1,Chelsea,0,0,1,3,"Marco Asensio 57', Marco Asensio 89'",Enzo Fernández 9'
22 Feb 2025,Everton,2,2,Manchester United,0,0,3,1,"Beto 19', Abdoulaye Doucouré 33'","Bruno Fernandes 72', Manuel Ugarte 80'"
22 Feb 2025,Fulham,0,2,Crystal Palace,0,0,1,3,,Daniel Muñoz 66'
22 Feb 2025,Ipswich Town,1,4,Tottenham Hotspur,0,0,2,1,Omari Hutchinson 36',"Brennan Johnson 18', Brennan Johnson 26', Djed Spence 77', Dejan Kulusekvski 84'"
22 Feb 2025,Southampton,0,4,Brighton and Hove Albion,0,0,2,0,,"João Pedro 23', Georginio Rutter 56', Kaoru Mitoma 71', Jack Hinshelwood 82'"
23 Feb 2025,Manchester City,0,2,Liverpool,0,0,0,0,,"Mohamed Salah 14', Dominik Szoboszlai 37'"
23 Feb 2025,Newcastle United,4,3,Nottingham Forest,0,0,1,4,"Lewis Miley 23', Jacob Murphy 25', Alexander Isak 34'","Callum Hudson-Odoi 6', Nikola Milenković 63', Ryan Yates 90'"
25 Feb 2025,Brighton and Hove Albion,2,1,AFC Bournemouth,0,0,2,1,Danny Welbeck 75',Justin Kluivert 61'
25 Feb 2025,Chelsea,4,0,Southampton,0,0,1,2,"Christopher Nkunku 24', Pedro Neto 36', Levi Colwill 44', Marc Cucurella 78'",
25 Feb 2025,Crystal Palace,4,1,Aston Villa,0,0,3,1,"Ismaïla Sarr 29', Jean-Philippe Mateta 59', Ismaïla Sarr 71', Eddie Nketiah 90+1'",Morgan Rogers 52'
25 Feb 2025,Wolverhampton Wanderers,1,2,Fulham,0,0,1,3,João Gomes 18',"Ryan Sessegnon 1', Rodrigo Muniz 47'"
26 Feb 2025,Brentford,1,1,Everton,0,0,2,1,Yoane Wissa 45+4',Jake O'Brien 77'
26 Feb 2025,Liverpool,2,0,Newcastle United,0,0,0,1,"Dominik Szoboszlai 11', Alexis Mac Allister 63'",
26 Feb 2025,Manchester United,3,2,Ipswich Town,1,0,4,4,"Matthijs de Ligt 26', Harry Maguire 47'","Jaden Philogene 4', Jaden Philogene 45+2'"
26 Feb 2025,Tottenham Hotspur,0,1,Manchester City,0,0,3,0,,Erling Haaland 12'
26 Feb 2025,Nottingham Forest,0,0,Arsenal,0,0,1,1,,
27 Feb 2025,West Ham United,2,0,Leicester City,0,0,0,0,Tomáš Souček 21',
08 Mar 2025,Brentford,0,1,Aston Villa,0,0,2,2,,Ollie Watkins 49'
08 Mar 2025,Brighton and Hove Albion,2,1,Fulham,0,0,0,2,Jan Paul Van Hecke 41',Raúl Jiménez 35'
08 Mar 2025,Crystal Palace,1,0,Ipswich Town,0,0,4,3,Ismaïla Sarr 82',
08 Mar 2025,Liverpool,3,1,Southampton,0,0,2,1,Darwin Núñez 51',Will Smallbone 45+1'
08 Mar 2025,Nottingham Forest,1,0,Manchester City,0,0,3,2,Callum Hudson-Odoi 83',
09 Mar 2025,Chelsea,1,0,Leicester City,0,0,1,0,Marc Cucurella 60',
08 Mar 2025,Wolverhampton Wanderers,1,1,Everton,0,0,2,2,Marshall Munetsi 40',Jack Harrison 33'
09 Mar 2025,Manchester United,1,1,Arsenal,0,0,0,1,Bruno Fernandes 45+2',Declan Rice 74'
09 Mar 2025,Tottenham Hotspur,2,2,AFC Bournemouth,0,0,3,3,Pape Matar Sarr 67',"Marcus Tavernier 42', Evanilson 65'"
10 Mar 2025,West Ham United,0,1,Newcastle United,0,0,0,1,,Bruno Guimarães 63'
15 Mar 2025,AFC Bournemouth,1,2,Brentford,0,0,3,0,,"Yoane Wissa 30', Christian Norgaard 71'"
15 Mar 2025,Everton,1,1,West Ham United,0,0,1,2,Jake O'Brien 90+1',Tomáš Souček 67'
15 Mar 2025,Ipswich Town,2,4,Nottingham Forest,0,0,1,1,"Jens Cajuste 82', George Hirst 90+3'","Nikola Milenković 35', Anthony Elanga 37', Anthony Elanga 41', Jota Silva 87'"
15 Mar 2025,Manchester City,2,2,Brighton and Hove Albion,0,0,2,5,Omar Marmoush 39',Pervis Estupiñán 21'
16 Mar 2025,Arsenal,1,0,Chelsea,0,0,3,3,Mikel Merino 20',
15 Mar 2025,Southampton,1,2,Wolverhampton Wanderers,0,0,0,0,Paul Onuachu 75',"Jørgen Strand Larsen 19', Jørgen Strand Larsen 47'"
16 Mar 2025,Fulham,2,0,Tottenham Hotspur,0,0,0,0,"Rodrigo Muniz 78', Ryan Sessegnon 88'",
16 Mar 2025,Leicester City,0,3,Manchester United,0,0,2,0,,"Rasmus Højlund 28', Alejandro Garnacho 67', Bruno Fernandes 90'"
01 Apr 2025,Arsenal,2,1,Fulham,0,0,1,2,"Mikel Merino 37', Bukayo Saka 73'",Rodrigo Muniz 90+4'
01 Apr 2025,Nottingham Forest,1,0,Manchester United,0,0,1,3,Anthony Elanga 5',
01 Apr 2025,Wolverhampton Wanderers,1,0,West Ham United,0,0,4,2,Jørgen Strand Larsen 21',
02 Apr 2025,AFC Bournemouth,1,2,Ipswich Town,0,0,1,2,Evanilson 67',"Nathan Broadhead 34', Liam Delap 60'"
02 Apr 2025,Liverpool,1,0,Everton,0,0,2,2,Diogo Jota 57',
02 Apr 2025,Brighton and Hove Albion,0,3,Aston Villa,0,0,1,3,,"Marcus Rashford 51', Marco Asensio 78', Donyell Malen 90+10'"
02 Apr 2025,Manchester City,2,0,Leicester City,0,0,1,4,"Jack Grealish 2', Omar Marmoush 29'",
02 Apr 2025,Newcastle United,2,1,Brentford,0,0,1,1,"Alexander Isak 45+2', Sandro Tonali 74'",
02 Apr 2025,Southampton,1,1,Crystal Palace,0,0,2,1,Paul Onuachu 20',Matheus França 90+2'
03 Apr 2025,Chelsea,1,0,Tottenham Hotspur,0,0,5,5,Enzo Fernández 50',
05 Apr 2025,Aston Villa,2,1,Nottingham Forest,0,0,2,2,"Morgan Rogers 13', Donyell Malen 15'",Jota Silva 57'
05 Apr 2025,Crystal Palace,2,1,Brighton and Hove Albion,2,1,4,3,"Jean-Philippe Mateta 3', Daniel Muñoz 55'",Danny Welbeck 31'
05 Apr 2025,Ipswich Town,1,2,Wolverhampton Wanderers,0,0,2,2,Liam Delap 16',"Pablo Sarabia 72', Jørgen Strand Larsen 84'"
05 Apr 2025,Everton,1,1,Arsenal,0,0,3,1,,Leandro Trossard 34'
05 Apr 2025,West Ham United,2,2,AFC Bournemouth,0,0,2,2,"Niclas Füllkrug 61', Jarrod Bowen 68'","Evanilson 38', Evanilson 79'"
06 Apr 2025,Brentford,0,0,Chelsea,0,0,1,3,,
06 Apr 2025,Tottenham Hotspur,3,1,Southampton,0,0,1,1,"Brennan Johnson 13', Brennan Johnson 42'",Mateus Fernandes 90'
06 Apr 2025,Manchester United,0,0,Manchester City,0,0,3,2,,
06 Apr 2025,Fulham,3,2,Liverpool,0,0,3,0,"Ryan Sessegnon 23', Alex Iwobi 32', Rodrigo Muniz 37'","Alexis Mac Allister 14', Luis Díaz 72'"
07 Apr 2025,Leicester City,0,3,Newcastle United,0,0,2,0,,"Jacob Murphy 2', Jacob Murphy 11', Harvey Barnes 34'"
12 Apr 2025,Arsenal,1,1,Brentford,0,0,1,3,Thomas Partey 61',Yoane Wissa 74'
12 Apr 2025,Manchester City,5,2,Crystal Palace,0,0,2,3,"Kevin De Bruyne 33', Omar Marmoush 36', Mateo Kovačić 47', James McAtee 56', Nico O'Reilly 79'","Eberechi Eze 8', Chris Richards 21'"
12 Apr 2025,Brighton and Hove Albion,2,2,Leicester City,0,0,2,5,,"Stephy Mavididi 38', Caleb Okoli 74'"
12 Apr 2025,Nottingham Forest,0,1,Everton,0,0,0,3,,Abdoulaye Doucouré 90+4'
12 Apr 2025,Southampton,0,3,Aston Villa,0,0,3,1,,"Ollie Watkins 73', Donyell Malen 79', John McGinn 90+4'"
13 Apr 2025,Chelsea,2,2,Ipswich Town,0,0,2,2,Jadon Sancho 79',"Julio Enciso 19', Ben Johnson 31'"
13 Apr 2025,Liverpool,2,1,West Ham United,0,0,0,1,"Luis Díaz 18', Virgil van Dijk 89'",
13 Apr 2025,Newcastle United,4,1,Manchester United,0,0,0,2,"Sandro Tonali 24', Harvey Barnes 49', Harvey Barnes 64', Bruno Guimarães 77'",Alejandro Garnacho 37'
13 Apr 2025,Wolverhampton Wanderers,4,2,Tottenham Hotspur,0,0,1,2,"Rayan Aït Nouri 2', Jørgen Strand Larsen 64', Matheus Cunha 86'","Mathys Tel 59', Richarlison 85'"
14 Apr 2025,AFC Bournemouth,1,0,Fulham,0,0,3,2,Antoine Semenyo 1',
16 Apr 2025,Newcastle United,5,0,Crystal Palace,0,0,2,3,"Jacob Murphy 14', Harvey Barnes 45+2', Fabian Schär 45+8', Alexander Isak 58'",
19 Apr 2025,Aston Villa,4,1,Newcastle United,0,0,1,3,"Ollie Watkins 1', Ian Maatsen 64', Amadou Onana 75'",Fabian Schär 18'
19 Apr 2025,Brentford,4,2,Brighton and Hove Albion,0,1,3,3,"Bryan Mbeumo 9', Bryan Mbeumo 48', Yoane Wissa 58', Christian Norgaard 90+5'","Danny Welbeck 45+3', Kaoru Mitoma 81'"
19 Apr 2025,Everton,0,2,Manchester City,0,0,4,0,,"Nico O'Reilly 84', Mateo Kovačić 90+2'"
19 Apr 2025,Crystal Palace,0,0,AFC Bournemouth,1,0,5,4,,
19 Apr 2025,West Ham United,1,1,Southampton,0,0,2,1,Jarrod Bowen 47',Lesley Ugochukwu 90+3'
20 Apr 2025,Fulham,1,2,Chelsea,0,0,1,3,Alex Iwobi 20',"Tyrique George 83', Pedro Neto 90+3'"
20 Apr 2025,Ipswich Town,0,4,Arsenal,1,0,0,0,,"Leandro Trossard 14', Gabriel Martinelli 28', Leandro Trossard 69', Ethan Nwaneri 88'"
20 Apr 2025,Manchester United,0,1,Wolverhampton Wanderers,0,0,2,3,,Pablo Sarabia 77'
20 Apr 2025,Leicester City,0,1,Liverpool,0,0,1,2,,Trent Alexander-Arnold 76'
21 Apr 2025,Tottenham Hotspur,1,2,Nottingham Forest,0,0,1,4,Richarlison 87',"Elliott Anderson 5', Chris Wood 16'"
22 Apr 2025,Manchester City,2,1,Aston Villa,0,0,3,3,"Bernardo Silva 7', Matheus Nunes 90+4'",
26 Apr 2025,Brighton and Hove Albion,3,2,West Ham United,0,0,1,1,"Yasin Ayari 13', Kaoru Mitoma 89', Carlos Baleba 90+2'","Mohammed Kudus 48', Tomáš Souček 83'"
23 Apr 2025,Arsenal,2,2,Crystal Palace,0,0,1,1,"Jakub Kiwior 3', Leandro Trossard 42'","Eberechi Eze 27', Jean-Philippe Mateta 83'"
26 Apr 2025,Chelsea,1,0,Everton,0,0,0,0,Nicolas Jackson 27',
26 Apr 2025,Newcastle United,3,0,Ipswich Town,0,1,1,4,"Dan Burn 56', Will Osula 80'",
26 Apr 2025,Southampton,1,2,Fulham,0,0,1,1,Jack Stephens 14',"Emile Smith Rowe 72', Ryan Sessegnon 90+2'"
27 Apr 2025,AFC Bournemouth,1,1,Manchester United,1,0,4,2,Antoine Semenyo 23',Rasmus Højlund 90+6'
26 Apr 2025,Wolverhampton Wanderers,3,0,Leicester City,0,0,1,4,"Matheus Cunha 33', Jørgen Strand Larsen 56', Rodrigo Gomes 85'",
27 Apr 2025,Liverpool,5,1,Tottenham Hotspur,0,0,2,1,"Luis Díaz 16', Alexis Mac Allister 24', Cody Gakpo 34', Mohamed Salah 63'",Dominic Solanke 12'
01 May 2025,Nottingham Forest,0,2,Brentford,0,0,3,5,,"Kevin Schade 44', Yoane Wissa 70'"
02 May 2025,Manchester City,1,0,Wolverhampton Wanderers,0,0,0,0,Kevin De Bruyne 35',
03 May 2025,Arsenal,1,2,AFC Bournemouth,0,0,0,2,Declan Rice 34',"Dean Huijsen 67', Evanilson 75'"
03 May 2025,Aston Villa,1,0,Fulham,0,0,0,5,Youri Tielemans 12',
03 May 2025,Everton,2,2,Ipswich Town,0,0,4,4,"Beto 26', Dwight McNeil 35'","Julio Enciso 41', George Hirst 79'"
03 May 2025,Leicester City,2,0,Southampton,0,0,1,3,"Jamie Vardy 17', Jordan Ayew 44'",
04 May 2025,Brighton and Hove Albion,1,1,Newcastle United,0,0,2,1,Yankuba Minteh 28',
04 May 2025,Brentford,4,3,Manchester United,0,0,0,2,"Kevin Schade 33', Kevin Schade 70', Yoane Wissa 74'","Mason Mount 14', Alejandro Garnacho 82', Amad Diallo 90+5'"
04 May 2025,Chelsea,3,1,Liverpool,0,0,2,2,Enzo Fernández 3',Virgil van Dijk 85'
05 May 2025,Crystal Palace,1,1,Nottingham Forest,0,0,3,8,,Murillo 64'
04 May 2025,West Ham United,1,1,Tottenham Hotspur,0,0,2,2,Jarrod Bowen 28',Wilson Odobert 15'
10 May 2025,AFC Bournemouth,0,1,Aston Villa,0,1,4,5,,Ollie Watkins 45+6'
10 May 2025,Fulham,1,3,Everton,0,0,1,0,Raúl Jiménez 17',"Vitaliy Mykolenko 45+3', Michael Keane 70', Beto 74'"
10 May 2025,Southampton,0,0,Manchester City,0,0,2,0,,
11 May 2025,Liverpool,2,2,Arsenal,0,1,1,3,"Cody Gakpo 20', Luis Díaz 21'","Gabriel Martinelli 47', Mikel Merino 69'"
10 May 2025,Ipswich Town,0,1,Brentford,0,0,2,4,,Kevin Schade 18'
10 May 2025,Wolverhampton Wanderers,0,2,Brighton and Hove Albion,0,0,1,1,,Brajan Gruda 85'
11 May 2025,Manchester United,0,2,West Ham United,0,0,0,1,,"Tomáš Souček 26', Jarrod Bowen 57'"
11 May 2025,Tottenham Hotspur,0,2,Crystal Palace,0,0,1,1,,"Eberechi Eze 45', Eberechi Eze 48'"
11 May 2025,Nottingham Forest,2,2,Leicester City,0,0,3,3,"Morgan Gibbs-White 25', Chris Wood 56'","Conor Coady 16', Facundo Buonanotte 81'"
11 May 2025,Newcastle United,2,0,Chelsea,0,1,4,2,"Sandro Tonali 2', Bruno Guimarães 90'",
16 May 2025,Aston Villa,2,0,Tottenham Hotspur,0,0,1,2,"Ezri Konsa 59', Boubacar Kamara 73'",
16 May 2025,Chelsea,1,0,Manchester United,0,0,1,6,Marc Cucurella 71',
18 May 2025,Arsenal,1,0,Newcastle United,0,0,3,3,Declan Rice 55',
18 May 2025,Brentford,2,3,Fulham,0,0,4,4,"Bryan Mbeumo 22', Yoane Wissa 43'","Raúl Jiménez 16', Tom Cairney 68', Harry Wilson 70'"
18 May 2025,Leicester City,2,0,Ipswich Town,0,0,1,0,"Jamie Vardy 28', Kasey McAteer 69'",
18 May 2025,Everton,2,0,Southampton,0,0,1,1,"Iliman N'Diaye 6', Iliman N'Diaye 45+2'",
18 May 2025,West Ham United,1,2,Nottingham Forest,0,0,6,3,Jarrod Bowen 86',"Morgan Gibbs-White 11', Nikola Milenković 61'"
20 May 2025,Manchester City,3,1,AFC Bournemouth,1,1,1,3,"Omar Marmoush 14', Bernardo Silva 38', Nico González 89'",Daniel Jebbison 90+6'
20 May 2025,Crystal Palace,4,2,Wolverhampton Wanderers,0,0,1,2,"Eddie Nketiah 27', Eddie Nketiah 32', Ben Chilwell 50', Eberechi Eze 86'","Emmanuel Agbadou 24', Jørgen Strand Larsen 62'"
19 May 2025,Brighton and Hove Albion,3,2,Liverpool,0,0,1,0,"Yasin Ayari 32', Kaoru Mitoma 69', Jack Hinshelwood 85'","Harvey Elliott 9', Dominik Szoboszlai 45+1'"
25 May 2025,AFC Bournemouth,2,0,Leicester City,0,0,0,2,"Antoine Semenyo 74', Antoine Semenyo 88'",
25 May 2025,Fulham,0,2,Manchester City,0,0,0,0,,Ilkay Gündogan 21'
25 May 2025,Liverpool,1,1,Crystal Palace,1,0,2,0,Mohamed Salah 84',Ismaïla Sarr 9'
25 May 2025,Ipswich Town,1,3,West Ham United,0,0,1,1,Nathan Broadhead 52',"James Ward-Prowse 43', Jarrod Bowen 55', Mohammed Kudus 87'"
25 May 2025,Newcastle United,0,1,Everton,0,0,1,4,,Carlos Alcaraz 65'
25 May 2025,Southampton,1,2,Arsenal,0,0,0,0,Ross Stewart 56',"Kieran Tierney 43', Martin Odegaard 89'"
25 May 2025,Nottingham Forest,0,1,Chelsea,0,0,2,2,,Levi Colwill 50'
25 May 2025,Tottenham Hotspur,1,4,Brighton and Hove Albion,0,0,3,1,,"Jack Hinshelwood 51', Jack Hinshelwood 64', Diego Gómez 90+3'"
25 May 2025,Manchester United,2,0,Aston Villa,0,1,2,2,Amad Diallo 76',
25 May 2025,Wolverhampton Wanderers,1,1,Brentford,0,0,2,1,Marshall Munetsi 75',Bryan Mbeumo 20'
